username,GNN_Influence_Score
不知名花童,1.0
账号已注销,0.996593
䒴榆子,0.9961421
猫剩可爱且帅,0.9943454
木木牙叨叨,0.9942169
乱码泛滥,0.99383205
菇子怪,0.99375904
打嗝界扛把子,0.9934479
这是个6币的昵称,0.9929994
天才小鱼干,0.99287134
Lufroloc_,0.9922951
接住我的小Yu滴,0.99228907
碧光兔,0.992039
AKA阴间大法师,0.99203897
MicroJocelyn小乔乔,0.99203897
长岛滚水,0.99199444
亚历山德丽娜,0.99184203
细品人生之味,0.991783
世纪陈世美,0.99171907
多乐DOLLAR_,0.9916552
无敌小卢lll,0.991648
Lily_526,0.99146324
江山远野,0.99139935
凌风丨丶丶,0.99139935
白色的贵鬼,0.99139935
Oldseventeen,0.99139935
bili_48364288435,0.991394
我红中怎么会骗你,0.99133533
长歌怀木樨,0.99133533
楼秋月,0.99133533
Jreenyi,0.99133533
千袖夫人,0.99133533
阿波罗10号,0.9912713
半个技术宅,0.9912713
栀心雪落,0.9912713
什么时候ccb,0.9912075
路过评论区的假面骑士,0.9912075
略知一二的同学,0.9912075
白泽314,0.9912075
咕噜咕嘟花茶酱,0.9912075
兰心莳青竹,0.9912075
JORDIN-BD,0.9911435
Diarhyeon_,0.9911435
鴉與赤い帽,0.9911435
c767,0.991115
烹饪大师周文王,0.9910796
狡啮慎也_,0.9910796
宋队的林法1,0.9910795
圣鞠斯特效药,0.9910795
小月河桥,0.9910795
就要我遛,0.9910795
bili_52214865588,0.9910795
艾尔米塔什-,0.9910795
1个个个个,0.9910795
小布丁king,0.9910156
深海倒悬,0.9910156
霜炎工作室,0.9910156
曼希斯学派,0.9910156
II-Brado,0.9910156
陆木森森,0.9910156
拂朱雪,0.9910156
再无阿穆尔之名,0.9910156
AAA大发,0.9910156
ぅぅじば,0.9910156
如果她慾吻,0.9909517
UnoNeko,0.9909517
戏姊_,0.9909517
马猴烧酒琉璃璃,0.9909517
亦宛叶,0.9909517
爱爱爱夜_,0.9908878
现在喜欢紫色,0.9908878
miki领便当,0.9908878
斤几重,0.9908878
好想变成火柴人,0.9908878
忧从中来皆为君,0.9908878
艾瑞达双鱼,0.9908878
天阙琳琅,0.9908878
O稻V稻O,0.9908878
一只会魔法的天狗,0.9908878
襼,0.9908878
带围脖的小熊猫,0.9908878
爱的红黑围巾,0.9908878
残魂断前尘,0.9908878
米呆呆小,0.9908878
理想你今年多大了,0.9908878
鹇羽,0.99087596
弦歌泠雅,0.99082386
不带雨伞不带手表,0.99082386
SS-ER,0.99082386
抹茶星冰乐-123,0.99082386
有顶天のお嬢ちゃん,0.99082386
不修善果只爱点火,0.99082386
翼谷,0.99082386
哈哈哈哈-_-哈,0.99082386
清辉月凝寒霜夜,0.99082386
维她命时代,0.99082386
Unknown56,0.99082386
练习基本功,0.99082386
不是帅哥又如何,0.99082386
小橘猫爱吃堂,0.99082386
一点多点亿点,0.99082386
飞天老虎钳pro,0.99082386
笠_箢,0.99082386
布兰特不想睡大街,0.99082386
姓申属猴,0.99082386
今天又咕了吗,0.99082386
一眼沦陷两眼一黑,0.9907599
一个毛绒绒的大毛团,0.9907599
天蛾人尤厄-奥格助教,0.9907599
做一条快乐的咸鱼,0.9907599
ykx899,0.9907599
立秋子--,0.9907599
泽-小-北,0.9907599
bugrom,0.9907599
周瑜大嘟嘟-,0.9907599
八月份的枸杞,0.9907599
女只认豪车彩礼钱,0.9907599
海绵宝宝的领带,0.9907599
漂浮于金鱼缸,0.9907599
龙罐罐,0.9907599
镜毓,0.9907599
肖大侠ll,0.9907599
巧儿姐丶,0.9907599
黄连味水果糖,0.9907599
雪莱的纸船,0.9907599
M丶御坂美琴,0.9907599
亻五我鸟,0.9907599
O-R-Z-黑猫,0.9907599
包子皮皮a,0.9907599
陵靖,0.9907599
ReidomY,0.9907599
顾小粥い,0.9907599
理想主义战士永不屈服,0.9907599
小乖鬼,0.9907599
奔跑的Xpotato,0.9907599
绿明风,0.9907599
格拉长大,0.9907599
江锦瑶,0.9907599
无氵厓风,0.9907599
Ceeeeeeyan在努力了,0.9907599
孤光不再,0.9907599
AAA海利亞女神激推,0.9907599
来治singsing的李,0.9907599
边角料狗狗,0.9906961
单飞白,0.9906961
赤无悬,0.9906961
啃猫的大胡萝卜,0.9906961
TNT鼠,0.9906961
sapphirebue,0.9906961
不吃香菜-考研0854版,0.9906961
小日子国排放核污水,0.9906961
本心影视,0.9906961
AhriMID,0.9906961
佩觿酱,0.9906961
_东方未明_,0.9906961
梦姐的旧裤子,0.9906961
敬畏岁月,0.9906961
正义伙伴_实习,0.9906961
迟茉子,0.9906961
就是想看看名字能取多,0.9906961
小短手拾拆,0.9906961
假心妙妙屋,0.9906961
玖万里风鹏不举,0.9906961
Rain4ests,0.9906961
Miria丶月影,0.9906961
wode麻鸭,0.9906961
Ql潘潘,0.9906961
站一边守护兽,0.9906961
冒险小仙女,0.9906961
凌零-kk,0.9906961
請與廢柴的我,0.9906961
风莫101,0.9906961
啊阿阿吖,0.9906961
风动campaign,0.9906961
妘燚灼,0.9906961
遇锕遇,0.9906961
何为城,0.9906961
三千一百九十四,0.9906961
紫色百合宇,0.9906961
凛又双叒叕狂暴辣,0.9906961
一块失去理想的板砖_,0.9906961
枫叶待秋,0.9906961
゚白井黑子,0.9906961
大WANG_DZC,0.9906961
d8r9f468,0.9906961
小懒爱恰米,0.9906961
莫辰烟雨,0.9906961
小懒和花栗鼠,0.9906961
芋艿芋艿芋,0.9906961
i是宝藏晶呀,0.9906961
至以无瑕之人_,0.9906961
开二花的小白菜,0.9906961
吴彦祖3658,0.9906961
bili_699490553,0.9906961
bili_56548118467,0.9906961
新-岄,0.9906961
故人里归,0.9906961
小乐魂的花语是手慢无,0.9906961
今子欲以子之,0.9906961
人生的山丘,0.9906961
_Valar_Morghulis,0.9906961
赵承乾_,0.9906961
神奇珠子,0.9906961
建南和爱楠杰99喵,0.9906961
279-桑椹味的群阳君,0.9906961
不非糖再不氪金,0.9906961
您是真的逗啊,0.9906961
1_30-48,0.9906961
烈阳疾雨,0.9906961
月眀,0.9906961
3明月松间照3,0.9906961
文艺的液喵籽,0.9906961
小惠不想上幼儿园,0.9906961
羅輯logic,0.9906961
古德池,0.9906961
喻温白,0.9906961
呆阿政ll,0.9906961
大汉武侯诸葛亮,0.9906961
钱花不出去先存我这,0.9906961
步入幻想世界,0.9906961
桀骜千夜,0.9906961
Jay_6_27,0.9906961
内卷的阿舜,0.9906961
柚子BIACK,0.9906961
泠颜颜颜,0.9906961
汉广十七_,0.9906961
阿帽生日快乐,0.9906961
纳西妲只爱我,0.9906961
无数只金鱼,0.9906961
給蛙島披袈裟,0.9906961
浪漫的栖居在大地上,0.9906961
浅浅浅黛_是一只瞳瞳,0.9906961
紫雨寒冰易水尘,0.9906961
吉川冨浪,0.9906961
wyh200041,0.9906961
金属耗子,0.9906961
妮白子,0.9906961
叫我阿茶呀,0.9906961
青空青雨,0.9906961
古人不识今时跃,0.9906961
FKCLY,0.9906961
我喜欢你喜欢的我1111,0.9906629
你做甚去了,0.9906629
无核有芯,0.9906321
星瑶韵MTF,0.9906321
惹我就当你推梦女哦,0.9906321
无名小丑ruler,0.9906321
坚持和所有人好好说话,0.9906321
认知障,0.9906321
干饭跑的比谁都快,0.9906321
相思成斑驳,0.9906321
真的取不出名字服了,0.9906321
三月彌生,0.9906321
眼藏星河笑清风,0.9906321
在宇宙里找嘴角,0.9906321
中国可控核聚变成精了,0.9906321
恩恩嗯你说的对,0.9906321
轻雨梵音,0.9906321
丶丶一念,0.9906321
咸香椰汁,0.9906321
芸草飘吖飘,0.9906321
你是树袋熊的树吗,0.9906321
与我神方收摄不祥,0.9906321
与Charlie热恋中,0.9906321
夏侯永贞,0.9906321
熄灭最后的光,0.9906321
在下沈娇娇,0.9906321
日日洛洛,0.9906321
邪恶炸蟑螂,0.9906321
小夜宇w,0.9906321
快乐笨蛋-秦大壮,0.9906321
起名真的很麻烦鸭,0.9906321
攻的啃爷,0.9906321
又怂又壮张黑糖,0.9906321
我向蔚蓝,0.9906321
良月仲卿,0.9906321
肖颖果,0.9906321
阿尼亚芝士,0.9906321
takerrrQvQ,0.9906321
xialei_026,0.9906321
归去不来溪,0.9906321
shushu103,0.9906321
sasx-,0.9906321
致死性泡泡,0.9906321
是庸人95,0.9906321
被苦痛淹没的夏,0.9906321
天空de龙猫,0.9906321
威武霸气的星星,0.9906321
prog_柿皮,0.9906321
奶奶奶奶兔,0.9906321
雪碧のXUEBILILI,0.9906321
有事先喝水,0.9906321
miaomiaoyue,0.9906321
liluo626,0.9906321
吕君,0.9906321
大如应乙传糊穿地心,0.9906321
兜里没有手,0.9906321
独立的鸽子,0.9906321
塔拉哈西的雨落在冰岛,0.9906321
夏目的喵老师,0.9906321
塑料叉FOKU,0.9906321
一艘小红船,0.9906321
雨一静月云,0.9906321
我有恋蛇癖,0.9906321
腐之森,0.9906321
多弗朗明哥の老婆,0.9906321
我的爱溢出就像雨水i,0.9906321
紫花大闺女,0.9906321
霖霖兔yy_,0.9906321
该昵称已存在204,0.9906321
杨芊礼,0.9906321
沧澜旖梦,0.9906321
一一一一一一个硬币,0.9906321
大唐太宗文皇帝-,0.9906321
我觉得你说得都对,0.9906321
德胜得勝,0.9906321
拆我CP_天打雷劈,0.9906321
半两不是25g,0.9906321
彡YYL,0.9906321
枫叶刀,0.9906321
lchili2014,0.9906321
别问在睡觉鸽了,0.9906321
小肠在当下,0.9906321
在下特可爱,0.9906321
散宝我的心头好,0.9906321
淋漓HFUT,0.9906321
非同质化人类NFP,0.9906321
猪猪建厚Aciel,0.9906321
海雾里的眼睛,0.9906321
小章鱼重度依赖,0.9906321
晚风吻尽荷花叶yeah,0.9906321
其实不吃糖,0.9906321
猪聪明呀QAQ,0.9906321
咕噜咕噜的碳烧煤球,0.9906321
车间子,0.9906321
猫咪的心上人,0.9906321
玖玖琥朵朵,0.9906321
少数一粒pie,0.9906321
江鸟JL,0.9906321
青玫竹玖,0.9906321
小是清,0.9906321
香橙炒竹笋,0.9906321
灼灼红星,0.9906321
叛逃100次,0.9906321
滋滋的奶酪,0.9906321
可爱值-1,0.9906321
板栗焦了,0.9906321
小浣熊的尾巴草,0.9906321
叶翎piume,0.9906321
蹦跶蹦蹦跶,0.9906321
蜜汁藕,0.9906321
啊就酱紫呀,0.9906321
小口喝热水,0.9906321
碎屿,0.9906321
沉二爷,0.9906321
山园暗香,0.9906321
肇庆医学院,0.9906321
千银樱雪,0.9906321
小破坏,0.9906321
千莲月,0.9906321
兔叽叽QAQ,0.9906321
饼干饼干饼干饼干饼,0.9906321
瑷嚣不站新柯,0.9906321
是糖崽呐,0.9906321
自甚远方,0.9906321
会顺利的啦,0.9906321
平地摔倒不摔心,0.9906321
幽蘭德,0.9906321
薄荷_serendipity,0.9906321
知识里手,0.9906321
非烟清尘,0.9906321
今天可以不上班吗qwq,0.9906321
开高达去你家,0.9906321
比例子,0.9906321
张言川的胸大肌,0.9906321
落珠如玉,0.9906321
只会正片叠底,0.9906321
今天也有氧了吗,0.9906321
鹅少丶,0.9906321
沈小宁er,0.9906321
督尔,0.9906321
是八君呀,0.9906321
更生半梨,0.9906321
屮l0v0l屮,0.9906321
属猪的跳跳虎,0.9906321
嘴巴不止吃饭,0.9906321
苟叠快给我出闪,0.9906321
雪落时分记起我,0.9906321
Elulindo-,0.9906321
互粉区区长,0.9906321
莲子_啊,0.9906321
相遇即是缘丿,0.9906321
保护我方小肉包,0.9906321
电车省油不省钱,0.9906321
本喵大人No1,0.9906321
啪叽啪啦帕皮拉,0.9906321
小R三寶媽,0.9906321
爱摆烂的小小怪,0.9906321
牛哈切夫,0.9906321
螃蟹脆桃酥,0.9906321
喵丶尾,0.9906321
你干嘛来啊,0.9906321
起昵称想破头太中二了,0.9906321
最喜欢小八和悠米啦,0.9906321
貌美亡夫周防尊,0.9906321
紫芸沫沫,0.9906321
Alex-andra,0.9906321
_你的好友已下线_,0.9906321
蠧鱼爾,0.9906321
Adirondack_,0.9906321
_之死靡它_,0.9906321
蜘蛛侦探OxO,0.9906321
_小鬼大人_,0.9906321
粉笔彩虹,0.9906321
亚丁勇士Daewon,0.9906321
来碗酱汁豚骨拉面,0.9906321
Z-Yanner-O,0.9906321
Andrea_larosa,0.9906321
迷鹿yysj,0.9906321
煎饺放浪形骸版,0.9906321
VVHLLL,0.9906321
猫月狸,0.9906321
芊蓉飞,0.9906321
痛击俺队友,0.9906321
山河阻绝,0.9906321
读书解放全人类,0.9906321
92202728325_bili,0.9906321
人机审核T439,0.9906321
424cat,0.9906321
他们的故事未完待续,0.9906321
初音未来救世歌姬,0.9906321
mum,0.9906321
魔法少女龙玉涛,0.9906321
葡萄过包装巧克力,0.9906321
bili_12859558858,0.9906321
中柯院废物博士生,0.9906321
azreal6518,0.9906321
9bf1pVEfPZ,0.9906321
achaaaay,0.9906321
AAA丰川建材祥哥,0.9906321
验证码0318,0.9906321
_枫岚_,0.9906321
rikics,0.9906321
我再多吃是狗,0.9906321
超级大西瓜2333,0.9906321
NIHAAOC,0.9906321
以德斧人呀,0.9906321
陌然MajorC,0.9906321
阿曼该做羹汤啦,0.9906321
瑕孩瞎害,0.9906321
爆破鬼才吉卤蛋,0.9906321
YA无尽夏,0.9906321
醋UGGU,0.9906321
MLpai,0.9906321
JanepBirdhouse,0.9906321
Monkeylife_-,0.9906321
温尼伯在打字机,0.9906321
生于平凡的人,0.9906321
挥着翅膀的小鱼,0.9906321
Le音,0.9906321
起名ok费劲ok,0.9906321
LOVWVWVE,0.9906321
一包儿小熊软糖,0.9906321
Fearless薛浮生,0.9906321
FUYUNOSOLA,0.9906321
Shell理查德,0.9906321
搂着星星等月亮,0.9906321
青柠味绿茶丶,0.9906321
起名字就难,0.9906321
是唔,0.9906321
沐子又重复了,0.9906321
R语言哲学,0.9906321
DQD洛洺,0.9906321
komiezz,0.9906321
Philosoph_er,0.9906321
顾一壶,0.9906321
霭霭涧间雾,0.9906321
嘎啦嘎啦52032,0.9906321
图斯库尔,0.9906321
看我熬夜叫我拱去睡觉,0.9906321
充浩广议柳,0.9906321
柳风飞雪,0.9906321
Nona-LL,0.9906321
bili_90130274869,0.9906321
L-o-o,0.9906321
伤心的麻辣鸭爪,0.9906321
-养猫的鱼_,0.9906321
北大在逃蔡元培,0.9906321
箬霖rl,0.9906321
露娜蒂可,0.9906321
菠萝橙儿,0.9906321
苏瓦你别癫了我害怕,0.9906321
井盖百分号,0.9906321
-灵感谷-,0.9906321
茶糕配茶,0.9906321
dhkmh,0.9906321
boblovepunk,0.9906321
casuallycruel_,0.9906321
补天之石,0.9906321
莱几,0.9906321
keidisodk,0.9906321
穆瑢,0.9906321
-_-小菜鸟,0.9906321
hmlp-,0.9906321
-一颗洋葱-,0.9906321
G点界的常青,0.9906321
-龙行龘龘,0.9906321
justasweetsleep,0.9906321
黑之麻将,0.9906321
checkra,0.9906321
kikoni,0.9906321
橘彩哦啊啊,0.99056834
拾光与时,0.99056834
霨寅,0.99056834
橘子好好好吃a,0.99056834
梯子下的黑猫,0.99056834
橙子与CC奶茶,0.99056834
橙宝zc,0.99056834
檐流冻,0.99056834
明天一定吃烤串,0.99056834
霝蛇莼夕,0.99056834
拜托设置让我过吧,0.99056834
霜糖糯米团子,0.99056834
欠抽抽的猪,0.99056834
青青草原最后一只咩,0.99056834
欢雨nice,0.99056834
黑三角痴汉协会,0.99056834
拒绝特大暴雨,0.99056834
欧耶lalala,0.99056834
歌剑踏天下,0.99056834
正义虽晚但到,0.99056834
霖雨寂,0.99056834
樱满特朗,0.99056834
榆木瑜吖,0.99056834
捆绑游戏,0.99056834
桃木南栀,0.99056834
摇光不是破军星,0.99056834
青云林,0.99056834
梅有猫饼,0.99056834
桜月儿,0.99056834
改名字是下一次,0.99056834
桃花酒熟,0.99056834
桂圆今天一定能抢到票,0.99056834
捌柳,0.99056834
打开新世界QAQ,0.99056834
逆转的零点一,0.99056834
改名才六个硬币,0.99056834
放飞林有鸡-,0.99056834
小玛蕤呀,0.99056834
校长主任豆沙了,0.99056834
霸道帅t登场,0.99056834
探草兵线理智冷静活着,0.99056834
梦kimis,0.99056834
梦想是周末双休,0.99056834
梦经年-过千帆,0.99056834
棠松艿,0.99056834
绿叶还青,0.99056834
森林之路lu,0.99056834
黎元之难,0.99056834
灰常苹乐,0.99056834
黎筱梓,0.99056834
楚貓猫v5,0.99056834
楼台醉酒影入池,0.99056834
露门神父,0.99056834
此处有狮,0.99056834
露水上的姻缘,0.99056834
樱木千代,0.99056834
正能量阿虫,0.99056834
每天努力变欧的苏某人,0.99056834
雾行try,0.99056834
黑白3230,0.99056834
谢蟹蟹979,0.99056834
江飞燕姐姐,0.99056834
沈丧西,0.99056834
阳佟星阳,0.99056834
沉默的关同学,0.99056834
沐沫mu,0.99056834
没油鸭梨,0.99056834
法国孤独感和你,0.99056834
法尼尼-,0.99056834
泛红九州,0.99056834
闰猹刺土qaq,0.99056834
抓魚的貓,0.99056834
泥荷爱咕咕,0.99056834
泯然无迹,0.99056834
问鹿约,0.99056834
闭嘴吧您嘞,0.99056834
微辣孜然烤土豆,0.99056834
泽心彦士,0.99056834
派_希羽,0.99056834
把何故还给宋居寒,0.99056834
长了腿的白年糕,0.99056834
锦鲤_太太,0.99056834
托儿夫撕鸡,0.99056834
派一一蒙,0.99056834
派诺_,0.99056834
一个又帅又有钱的家伙,0.99056834
银河星球-蛋挞,0.99056834
流小奇4,0.99056834
流浪的孤独猫,0.99056834
阳夏みんふ,0.99056834
阿哈每天都开心,0.99056834
阿嘁iiii_,0.99056834
阿热啦啦,0.99056834
武皇帝_曹操,0.99056834
零-二幺二五九,0.99056834
死之修罗,0.99056834
栎晨曦,0.99056834
雪落星沉7QAQ7,0.99056834
雨过迷踪,0.99056834
每天都想摸鱼捏,0.99056834
默拉金卓林,0.99056834
催落1,0.99056834
陈阳bby,0.99056834
阿秋子,0.99056834
比莉咔嗒咔嗒,0.99056834
水壶装尿呲谁谁叫_,0.99056834
水蜜桃史莱姆qwer,0.99056834
当之无愧的车夫之王,0.99056834
阿漁akb,0.99056834
永生毁灭,0.99056834
永青一页_极式,0.99056834
阿水变身,0.99056834
阿杏杏呐,0.99056834
bili_699940942,0.99056834
抱猫散人or,0.99056834
阿心心心昕,0.99056834
江知暖,0.99056834
怎么说都不会说话呢,0.99056834
披萨也,0.99056834
阿弥诺斯星人卡瑞巴拉,0.99056834
江露露TAT,0.99056834
树下青羽,0.99056834
青鑫窒,0.99056834
青花瓷的瓷哦,0.99056834
暮迟云_chiyun,0.99056834
骑蜗牛的犬夜叉,0.99056834
既韶,0.99056834
昵称是用来做什么的-,0.99056834
无言以对期,0.99056834
无聊到呵呵哒,0.99056834
時痕制光厂,0.99056834
无炊浅,0.99056834
晗晗是最棒哒,0.99056834
晚棠流霜,0.99056834
普通市民的普通杂烩,0.99056834
普通无趣没意思,0.99056834
智障觞,0.99056834
暞珥-,0.99056834
暮云合璧-,0.99056834
最爱裹卷,0.99056834
是老寒啊,0.99056834
最闪星芒Astral,0.99056834
月与草,0.99056834
月亮与熊与桃子汽水,0.99056834
月亮列车xx,0.99056834
月夜酒-,0.99056834
有个狐字,0.99056834
有狐绥绥之,0.99056834
木柄丙,0.99056834
木江一,0.99056834
骑老太太闯关东,0.99056834
鲱鱼罐头头是道,0.99056834
木白人王,0.99056834
我讨厌这样的土豆,0.99056834
未槿_守,0.99056834
昵称合法但已存在,0.99056834
鬼鬼喜喜,0.99056834
无懈四圣兽,0.99056834
春归槐,0.99056834
明日詩,0.99056834
熹熹熹熹熹贵妃,0.99056834
明月似当时,0.99056834
鱼儿弯,0.99056834
明月皎皎_,0.99056834
明炽_,0.99056834
魔瑟纳科,0.99056834
星尘韩,0.99056834
星巴克倒瑞幸杯里喝,0.99056834
星显漫游者,0.99056834
旭宝旭宝大旭宝,0.99056834
日暖与心安,0.99056834
鱼在碗里停,0.99056834
星耀里,0.99056834
春日负暄暄暄,0.99056834
日之初月,0.99056834
是December没错,0.99056834
是winwin鸭,0.99056834
是但取一个,0.99056834
是小小呆呆呆,0.99056834
鲁肃夫人,0.99056834
魔法少女圆酱,0.99056834
是元气小太阳,0.99056834
是吕彤彤哦,0.99056834
魔法之裤_酱,0.99056834
山河陨,0.99056834
是啊喂吖,0.99056834
是啊阿宏,0.99056834
是小迷糊蛋儿,0.99056834
是派大星嫩,0.99056834
本凉就是本凉,0.99056834
鹿岛Aliar,0.99056834
故忆如殇,0.99056834
果果Kn,0.99056834
风与晴you,0.99056834
颜值是稀缺资源,0.99056834
颐愚,0.99056834
宝儿倍,0.99056834
顾咕咕饿饿饿,0.99056834
枀song,0.99056834
敲敲小芒果,0.99056834
康不是坎,0.99056834
极忧,0.99056834
kawaiharuki,0.99056834
极禹小可,0.99056834
顾以泽然,0.99056834
数月亮的喵,0.99056834
林揪揪,0.99056834
面包边边酱,0.99056834
听云的光,0.99056834
枫景红雁,0.99056834
教皇本皇啦,0.99056834
靡子鱼头呀,0.99056834
非洲酋长国首领,0.99056834
靖羽于征,0.99056834
青青籽金,0.99056834
柏SH,0.99056834
某不知名暴躁老姐,0.99056834
柑橘味Cookie,0.99056834
柒冉ゞ,0.99056834
时凛小七,0.99056834
柠檬蓝泡泡,0.99056834
大包细鱼,0.99056834
柳叶lly,0.99056834
风中月三尺,0.99056834
风渡桃花游世间,0.99056834
揽佬SKAllSYOURGOD,0.99056834
飯絲児channel_恐游,0.99056834
无名之风风风风,0.99056834
黄油咕噜噜噜,0.99056834
杀猪能手5,0.99056834
杂食酱面,0.99056834
马奶喔,0.99056834
心之所向玖,0.99056834
李23456789,0.99056834
李一斤前来报到,0.99056834
李二炸香芋,0.99056834
无力康复师,0.99056834
李杨上,0.99056834
李西渝,0.99056834
杜鲁克,0.99056834
香草MIynar,0.99056834
来一包薯条,0.99056834
松山丹阳,0.99056834
来吃樱桃吧,0.99056834
无上自在门,0.99056834
斑大人的卧蚕,0.99056834
环岛的火车又走了几天,0.99056834
飞鼠坠机了,0.99056834
黄痰加醋拌米饭,0.99056834
斋謬歌Pandragon,0.99056834
飛行神,0.99056834
流浪行星P,0.99056834
一大碗西翻,0.99056834
杨三生i,0.99056834
风起于斯,0.99056834
---u----,0.99056834
整点电子榨菜,0.99056834
风隐云归,0.99056834
苍煜cang,0.99056834
铃木琴风,0.99056834
蓝图拉特,0.99056834
让月球撞地球,0.99056834
笨鸟乱飞9,0.99056834
蒸汽岛isle,0.99056834
笔记笔记毕,0.99056834
笑笑，你好可爱,0.99056834
蒹葭青棠,0.99056834
蓝の蓝,0.99056834
残冬未尽-,0.99056834
看了又不会怀孕,0.99056834
笑果仔,0.99056834
竹竹ally,0.99056834
蓝桥川影,0.99056834
穆卿龄Gilw,0.99056834
竹土匀竹土匀,0.99056834
端言雪,0.99056834
竞㝵,0.99056834
第十二号香槟,0.99056834
等姗姗来迟花已开,0.99056834
葉茵Leaf,0.99056834
萬䏻籴窩,0.99056834
再快一点等不急了,0.99056834
萧美琴,0.99056834
紫轩一直都在,0.99056834
紫菀とあずさの日常,0.99056834
萨申卡_zayats,0.99056834
糯夫夫,0.99056834
郁离丷,0.99056834
糖洛喵,0.99056834
糖水_-,0.99056834
糖喵团子,0.99056834
糊涂大姑娘,0.99056834
粒子无处不在,0.99056834
粉墨爱U娜,0.99056834
米山茶花,0.99056834
筱攸iiii,0.99056834
穿越时卡在了二次元,0.99056834
穆辞y,0.99056834
稚嫩的歌白,0.99056834
确实是木桸,0.99056834
破名浪费我6硬币,0.99056834
薇薇花开花又落,0.99056834
砂糖橘可乐,0.99056834
知易-行难-,0.99056834
矜玖不玖,0.99056834
眰恦取经路,0.99056834
藝術家迪达拉,0.99056834
蛋蛋帅比,0.99056834
蛮荒巨斧哥布林,0.99056834
真理的化身,0.99056834
蜂巢饼,0.99056834
蜂蜜熊睡着了,0.99056834
真熠熠生辉,0.99056834
真是太怪了,0.99056834
真实又可爱的蛋糕,0.99056834
破罐1,0.99056834
祝肖战早日翻身糊两面,0.99056834
蓝沫zzz,0.99056834
薅秃人虎小脑瓜,0.99056834
秘剑ジ葬缘,0.99056834
秋刀鱼和猫专家,0.99056834
蓝装雪碧,0.99056834
秋临夜雨summer,0.99056834
蔡开摆,0.99056834
私は旅行に来た,0.99056834
离悠y0m,0.99056834
离弃爱吃盖饭,0.99056834
l猫南北i,0.99056834
福记面包店,0.99056834
福建陈昱榕,0.99056834
福图纳,0.99056834
禁你_,0.99056834
神猫罗尼休,0.99056834
神奇茶乐,0.99056834
絮絮叨叨的绵羊,0.99056834
繁樱散去,0.99056834
绅士死于激萌,0.99056834
茭白菱,0.99056834
脾气很好-儒雅随和,0.99056834
脆皮肉夹馍_,0.99056834
能当饭吃嘛你说-,0.99056834
草·草,0.99056834
胶卷卷卷,0.99056834
胡萝卜的天空,0.99056834
草生者,0.99056834
肥嘟嘟童童,0.99056834
草莓啵馅4,0.99056834
肚肚㕛打雷了,0.99056834
荒野大菠萝丶Ro,0.99056834
莣丶缼,0.99056834
莫里斯先生,0.99056834
肆方yume,0.99056834
耳尖白粉小绒狐,0.99056834
自远流年Z,0.99056834
舒卷爱学习,0.99056834
老大的妈妈,0.99056834
苹果淦,0.99056834
苏奶布丁,0.99056834
你几几年年的,0.99056834
花花Kikyo,0.99056834
花折镜里,0.99056834
花小骨司藤本藤,0.99056834
芥末卷兒,0.99056834
芝麻糊汤泡饭,0.99056834
芝士dog,0.99056834
芙蓉秦王,0.99056834
芙蓉五代加爆珠,0.99056834
若枫清怡,0.99056834
苦丁奶咖,0.99056834
苦力怕猫猫,0.99056834
芋头不爱香芋爱,0.99056834
苯二氮卓抗惊厥,0.99056834
老子全身都是铁,0.99056834
翼问天,0.99056834
红夜微光,0.99056834
绞尽脑汁不吃米饭,0.99056834
菲赫特,0.99056834
结阪城_奈,0.99056834
萘茶Nacyo不是奶茶_,0.99056834
绒茸_少女养成版,0.99056834
终忘南沐,0.99056834
萧澜儿,0.99056834
阿阿阿阿宋233,0.99056834
拜托我可是懒大王,0.99056834
纪和Ludwig,0.99056834
红魔馆妹抖,0.99056834
红酒三杯,0.99056834
萧索危路梦犹香,0.99056834
红糖黑椒,0.99056834
红笺未寄小本川,0.99056834
红温的澜澜,0.99056834
给我来点酱油,0.99056834
是遇安呐,0.99056834
翠翠在不在,0.99056834
菜鸟至尊JY,0.99056834
羽本梧笙,0.99056834
羽唸,0.99056834
群山之巅再相见-,0.99056834
羡羡世界第一甜,0.99056834
美雪qqq,0.99056834
获取救赎,0.99056834
网易应声虫手游,0.99056834
缘Echo,0.99056834
绿色青蛙跳起大叫,0.99056834
绿色幸运猫,0.99056834
菁华_日常失踪人口,0.99056834
绿川夜玖,0.99056834
维克喵喵兹,0.99056834
绯色鱼骨头,0.99056834
菜太咸格勒,0.99056834
看见你爱上了,0.99056834
蜜柑橙星,0.99056834
浅辞丷,0.99056834
然染T_T,0.99056834
熠熠厌,0.99056834
那咋了跟你有关系吗,0.99056834
熊猫趣行,0.99056834
熊凡子QAQ,0.99056834
煎饼果子不卷了行吧,0.99056834
都怪你们把好名字占了,0.99056834
然而我不料,0.99056834
焦迷妹,0.99056834
相月石榴,0.99056834
热爱修仙的咸鱼啦啦啦,0.99056834
烤碳料理,0.99056834
烟疏野,0.99056834
切个桔子,0.99056834
烛火摇曳下的影子,0.99056834
炎炎0071,0.99056834
灵魂深处的长颈鹿,0.99056834
Markoding,0.99056834
爱吃小猫鱼干,0.99056834
遨鱼,0.99056834
爱吃米的晨初,0.99056834
爱画画的悠然ovo,0.99056834
爱塔罗爱水晶的凌,0.99056834
还菜还爱学,0.99056834
爱喝橙汁的温迪,0.99056834
爱咬人的小边牧,0.99056834
爱吃香的令狐奥雅,0.99056834
爱吃西瓜的刮,0.99056834
这位是主人级别,0.99056834
絮洛想睡觉,0.99056834
这昵称下辈子再取,0.99056834
连溪影,0.99056834
逃课的呱呱,0.99056834
逍遥de梦想,0.99056834
逍遥进之,0.99056834
速叠杯滴滴吧,0.99056834
灯昼lll,0.99056834
澜修_,0.99056834
潘达潘panda,0.99056834
清清卿岚,0.99056834
攀桂街苏大雷同志,0.99056834
清团团团团,0.99056834
清北2号种子选手,0.99056834
深海_克莱因,0.99056834
深入色中终悟道,0.99056834
鎏雾,0.99056834
涟漪入梦,0.99056834
海得是栗,0.99056834
海上牧羊,0.99056834
浴巾姐姐世界第一,0.99056834
浮生若梦的v,0.99056834
浮生-流光之歌,0.99056834
鏖战内存的旅拓长,0.99056834
钢铁阿撸撸,0.99056834
铁幕套嘴_,0.99056834
金琉希,0.99056834
想嘎的心反反复复555,0.99056834
漫长的玩笑话,0.99056834
清溪的小厨房,0.99056834
漫步在太空中,0.99056834
漠染暄,0.99056834
醉卧沙场-君莫笑,0.99056834
释千丶,0.99056834
滴滴咚咚小圆帽,0.99056834
满月rrr,0.99056834
满冰全糖去芋圆,0.99056834
野人の新之助,0.99056834
金枪鱼19,0.99056834
溯源君,0.99056834
游手好闲的二周大人,0.99056834
温水煮呱呱x,0.99056834
清野圆,0.99056834
清澈如墨,0.99056834
苍术可入药,0.99056834
爱笑不笑猫,0.99056834
还想看见你率真的泪水,0.99056834
爱草莓的咩咩,0.99056834
記憶丶无象星星,0.99056834
白桃泡芙w,0.99056834
白木木的椰子号,0.99056834
白新羽在线呼叫俞风城,0.99056834
计生莲,0.99056834
讨厌模仿者的那个愚人,0.99056834
白尘墨夜,0.99056834
白天不睡夜晚不起,0.99056834
语语语i,0.99056834
疯狂的迈克斯,0.99056834
请世界停止运转,0.99056834
疯狂的枫叶,0.99056834
蛋挞给我留一口,0.99056834
谢奉尘,0.99056834
画画超超,0.99056834
吹箫江南耀,0.99056834
白椛雪,0.99056834
觿臨,0.99056834
狼叔叔爱你的,0.99056834
视野所及皆华夏,0.99056834
百里的浮生,0.99056834
蝶恋花凳子,0.99056834
蟹头罐子,0.99056834
白雾红尘少冰无糖,0.99056834
百分之百可靠,0.99056834
血龙未歧,0.99056834
行医_4050,0.99056834
白苍em,0.99056834
被熟人发现只能换id,0.99056834
西喵,0.99056834
白玲金,0.99056834
西瓜老舅,0.99056834
西红柿鸡蛋面l,0.99056834
睡觉的鹦鹉,0.99056834
白楚洛_,0.99056834
喵喵喵喵喵喵喵喵sy,0.99056834
由游ni,0.99056834
爱露关子,0.99056834
跑火车界首席童工,0.99056834
踩烂全世界香菜-,0.99056834
狸花淼,0.99056834
身为一个辣妹,0.99056834
璃猫_ye,0.99056834
独--孤--求--败,0.99056834
狗狗把猫猫拐回我家,0.99056834
狐狸子君,0.99056834
牡蛎说是,0.99056834
输入昵称感觉很傻,0.99056834
边白熙女神2333,0.99056834
我是白原,0.99056834
望勿忘,0.99056834
牛奶不牛1,0.99056834
爵士队球员霍顿塔克,0.99056834
边缘芷,0.99056834
跳闸天下,0.99056834
喜乐昌吉,0.99056834
用户己销注,0.99056834
猫耳满昏,0.99056834
赐给我一只小狗吧,0.99056834
赤苇京治あかあし,0.99056834
甜菓果,0.99056834
起名好难10101,0.99056834
偷偷干坏事儿,0.99056834
瑶台种,0.99056834
瑶到外婆桥惹,0.99056834
琼华小师妹,0.99056834
珂珂养可可,0.99056834
玹婍,0.99056834
超级宇宙霹雳大喇叭,0.99056834
玫瑰花与满天星,0.99056834
超超将,0.99056834
王良帝,0.99056834
越过天秤座,0.99056834
-WHOAMI-,0.99056834
岛风だぜ,0.99056834
才没有和机械乌鸦吵架,0.99056834
lllllllNK,0.99056834
spring_春天,0.99056834
spease-空格,0.99056834
shuhhuu,0.99056834
關硎,0.99056834
schskm,0.99056834
八重佩佩卡妈重度依赖,0.99056834
sali_0,0.99056834
riohughes,0.99056834
ratepower,0.99056834
rabbite281,0.99056834
qqq123006,0.99056834
paneljai,0.99056834
m凌云j,0.99056834
mur-v-phy,0.99056834
mrShawn阿翔,0.99056834
marrymeJuliet-,0.99056834
lqzk,0.99056834
star_chii,0.99056834
sun诗川岛,0.99056834
txnuet785924,0.99056834
xchkyz,0.99056834
zgift,0.99056834
yyysr2233,0.99056834
yuanjinboss,0.99056834
yj泡泡a,0.99056834
yinnnzq,0.99056834
lumenxixi,0.99056834
xxccl_7,0.99056834
手冢11比0逅入幸村,0.99056834
ubstitute,0.99056834
kiko_by_kk,0.99056834
wu---kid,0.99056834
woolen-hat,0.99056834
wiseeeeeeeee,0.99056834
warmbone2000,0.99056834
vcdggjjchdur,0.99056834
u非常V钾人VB,0.99056834
lolo88,0.99056834
leah萱,0.99056834
えのころごさ,0.99056834
la_star,0.99056834
butterllifacy,0.99056834
bury2fly,0.99056834
bububu知道,0.99056834
bluetwofive,0.99056834
blackのbutter,0.99056834
bilil_0123456789,0.99056834
唐顿法则,0.99056834
bili_89430352505,0.99056834
bili_83747907419,0.99056834
bili_67975089990,0.99056834
去北极看南极企鹅,0.99056834
bili_509980653,0.99056834
bili_48199980810,0.99056834
bili_37482437,0.99056834
bili_1488138980,0.99056834
aliceptrc,0.99056834
alalayu,0.99056834
couple果,0.99056834
cyc2999,0.99056834
dawn0402,0.99056834
hdjjsjwjjs,0.99056834
kwhzi,0.99056834
kent2,0.99056834
kaikai星星,0.99056834
jujudBm,0.99056834
i笛声悠扬,0.99056834
iiioai,0.99056834
hgjhifg,0.99056834
废话输出型AI,0.99056834
dear亦儿,0.99056834
ghjipkimkm,0.99056834
甜到忧伤の折耳根,0.99056834
gakoga,0.99056834
foxxicn,0.99056834
fanswolea,0.99056834
wu帆舞,0.99056834
eating_-,0.99056834
ぃ黑雪姬,0.99056834
ふわふわ紅莉栖,0.99056834
_韩梦寒梦_,0.99056834
东京粉毛,0.99056834
二的五次方_,0.99056834
二枫哒,0.99056834
二分阴影只做1,0.99056834
九亿少女王德民,0.99056834
九三鸟,0.99056834
乘与七ing,0.99056834
乐园中她仍旧唱着,0.99056834
乌巫刃大魔王,0.99056834
举报拉黑删我评的是狗,0.99056834
为了尼奥,0.99056834
丶怪怪怪小虐,0.99056834
临江慰风尘,0.99056834
临山散人,0.99056834
丰丰雪心吖,0.99056834
中国大陆南方的网友,0.99056834
丨浅情丨,0.99056834
两步_逃离地狱,0.99056834
二胎宝爸封蛋,0.99056834
fenrisulfr弥,0.99056834
二菇的力量,0.99056834
人不会和非人争论,0.99056834
今天也要打豆豆,0.99056834
亿丶困,0.99056834
人祖猴,0.99056834
人哪有不疯的哈哈,0.99056834
一_光年,0.99056834
人仌仌众众,0.99056834
人之律者爱莉,0.99056834
交团结-税了吗,0.99056834
于我而言的你们,0.99056834
亚硝酸盐-NaNO2,0.99056834
五团_儿,0.99056834
互赞互币我置顶视频,0.99056834
互联网时代原始人,0.99056834
互联网可真太有趣了,0.99056834
云雨笙筱,0.99056834
云晕允迩,0.99056834
丢丢丢比丢,0.99056834
东东证券小课堂,0.99056834
゚゙゚゙゚穗,0.99056834
世界只是一直在旋转-_,0.99056834
一眼误,0.99056834
一片羽毛卷儿,0.99056834
一朵清澈筱璐,0.99056834
一支桃小花,0.99056834
一扫庭前雪,0.99056834
一平戎策一,0.99056834
一只斑鸠不会咕,0.99056834
一只半老徐娘,0.99056834
萌牛酸奶glf,0.99056834
一口冰可乐-,0.99056834
一升屎尿屁,0.99056834
一九九年零四二十二,0.99056834
一个蕉灼的蕉佬,0.99056834
一个帅气杀手,0.99056834
ヨ丸薬,0.99056834
ニャニャニャ幼稚園長,0.99056834
ナツマメ,0.99056834
一米五九也很高,0.99056834
万岁爷于,0.99056834
万年夏,0.99056834
不会吃香菜啊,0.99056834
雪狐狸2025,0.99056834
专业电子宠物收集,0.99056834
不是我说真的没昵称了,0.99056834
不成熟的boi,0.99056834
夏洛克家的二姑娘,0.99056834
不卡叻,0.99056834
不偷月_,0.99056834
细胞柱间,0.99056834
三两云吞面,0.99056834
不二口山木有,0.99056834
不为谁而取的名12138,0.99056834
下_夏天,0.99056834
经涂酒鬼,0.99056834
上海青_-,0.99056834
上dpor,0.99056834
三二一一一四,0.99056834
aa刘飞,0.99056834
_洋芋泥,0.99056834
今天晚上吃红烧排骨,0.99056834
Biden乔,0.99056834
fjaptx,0.99056834
Erin_xx,0.99056834
EastFireDonghui,0.99056834
Earth-sMonody,0.99056834
Duan煜,0.99056834
Django1989,0.99056834
Deepsealuffy,0.99056834
DORCASX,0.99056834
DNY1119,0.99056834
C御剑乘风去C,0.99056834
Cx-simulator,0.99056834
Cupcakes_,0.99056834
Cleo是上上签,0.99056834
Cecilia_venti,0.99056834
COCO70,0.99056834
C0RyZa,0.99056834
B站大学医学生,0.99056834
春河もえ,0.99056834
FLY_to_,0.99056834
Fancy盐焗虾,0.99056834
HESteR_鹿,0.99056834
IceyZag,0.99056834
咯乌拉尔,0.99056834
爱iknu,0.99056834
Hvyaa_Siella,0.99056834
Hey丶冈崎汐,0.99056834
Handsomerfs,0.99056834
婷婷要happy,0.99056834
HALF1111,0.99056834
Fcxsx,0.99056834
Grilanita,0.99056834
Go比卡丘,0.99056834
Godisdead,0.99056834
Gloomyglyph,0.99056834
Gina-Chiu,0.99056834
Gabrielle_H,0.99056834
Firefight11号,0.99056834
Buttos,0.99056834
Beaspectator,0.99056834
JcXmA,0.99056834
Baymax丿丶丶,0.99056834
496864498,0.99056834
42016835502_bili,0.99056834
3点水的洋,0.99056834
23333333333_bili,0.99056834
225386368,0.99056834
18-A,0.99056834
15454260058_bili,0.99056834
1235678zz,0.99056834
0雨文0,0.99056834
02aaaal,0.99056834
0173-Anna,0.99056834
-降火,0.99056834
-长-歌_,0.99056834
-鈴子-,0.99056834
-该用户暂不存在-,0.99056834
-牧-LSEN,0.99056834
-ミ,0.99056834
57584901739_bili,0.99056834
6011_2,0.99056834
712RY,0.99056834
Anceting,0.99056834
BBleRea,0.99056834
Averajjs,0.99056834
Atuolasi,0.99056834
Ashlett,0.99056834
April-天殛,0.99056834
Angel449,0.99056834
巨巨JuJu巨巨JuJu,0.99056834
Alice小鲸鱼o,0.99056834
77月日,0.99056834
Alairen,0.99056834
纯爱女神wwwwww,0.99056834
Aik0o0,0.99056834
Aglaia音,0.99056834
ARoain,0.99056834
艾青十六,0.99056834
红魔馆の芙兰酱,0.99056834
IseAtum,0.99056834
Jc啊啊啊啊啊,0.99056834
_查布多德勒,0.99056834
Senia,0.99056834
Visin__,0.99056834
VUKCL,0.99056834
Upstairsk,0.99056834
西柚青提果茶,0.99056834
Nemophilistq-,0.99056834
UCF-卢卡,0.99056834
T幻幻幻幻幻,0.99056834
Lambert名字已经存在,0.99056834
Tttang遥,0.99056834
Trxtek,0.99056834
The--Mafia,0.99056834
Thankyou杜,0.99056834
Sylph之歌,0.99056834
Swiftie555,0.99056834
SureZayne,0.99056834
Sunny日青尺曰一,0.99056834
Stanyc_,0.99056834
Vxudbzywfdyjfn,0.99056834
Willies070509,0.99056834
破站懂事长,0.99056834
_Satoshi,0.99056834
茜空喵酱,0.99056834
呵口酱油,0.99056834
_天是红河岸,0.99056834
_什么时候结束啊,0.99056834
取啥子名字好勒,0.99056834
___仰望星空Q_Q,0.99056834
临昼林舟,0.99056834
_Banana噗_,0.99056834
XSATURA6,0.99056834
_-Clarence-_,0.99056834
_------荒------_,0.99056834
Zxcvbnmycw,0.99056834
囨客,0.99056834
YargyeNga,0.99056834
XxMi437,0.99056834
XorAgreas,0.99056834
SoftDr1nk,0.99056834
ST-R-AY,0.99056834
JellyIcece,0.99056834
SOAPunk,0.99056834
Mizat开阳,0.99056834
MieMieDalada,0.99056834
利威尔6270,0.99056834
Miaづづ,0.99056834
Merakiiiiiiii,0.99056834
MO陌沫墨,0.99056834
裝置術,0.99056834
M-JG-J-M,0.99056834
LuckyE-_-,0.99056834
Lizzzy不是面包,0.99056834
Leon禄,0.99056834
LRiver青面,0.99056834
LLK总统,0.99056834
KPL小Q,0.99056834
KIKI哈哈二tg,0.99056834
Jujuq_,0.99056834
Joan2018新开始,0.99056834
券商小罗罗,0.99056834
Moran也,0.99056834
Mrazzz_,0.99056834
Pinstart,0.99056834
SK8深海小鱼,0.99056834
Ron小罗-,0.99056834
Rmadness,0.99056834
Racer暮光,0.99056834
RE_ZEROX,0.99056834
QAQs啥,0.99056834
秋风晚来-意,0.99056834
PassanteC,0.99056834
MuffetUnofficial,0.99056834
枳子ovo,0.99056834
Pan-luo,0.99056834
Olivia谣谣日记,0.99056834
北路南栀,0.99056834
Nostalgiaago,0.99056834
NicetomeetUUU,0.99056834
Nalis,0.99056834
今天吃什么么么么么么,0.99056834
w云海w,0.99056834
今田耕司,0.99056834
小刘anmuxi1806,0.99056834
小鱼儿改醒了,0.99056834
小香梨ovo,0.99056834
小雨圆圆滚滚,0.99056834
小野狗JOE,0.99056834
小菲饱饱owo,0.99056834
_凪,0.99056834
小羽wl,0.99056834
小禧熙,0.99056834
小狗滚泥天下无敌_,0.99056834
小漩Ella,0.99056834
AM梦耶,0.99056834
小梦子-,0.99056834
小屿-_-,0.99056834
小小斟茶兵,0.99056834
小安同学12,0.99056834
小孙suuun,0.99056834
小城风雨旧少年丶,0.99056834
少主真的想亖,0.99056834
尬咖,0.99056834
就像三十岁的梵高,0.99056834
岁清,0.99056834
巫木木,0.99056834
巫jiujiu,0.99056834
川瑠佈希,0.99056834
寻不知名的海,0.99056834
崔莺莺嘤嘤,0.99056834
博愛x自我,0.99056834
岚隐雾中歇,0.99056834
山顶洞人爱吃椰奶,0.99056834
就只是想换个名字,0.99056834
山犬玫瑰园,0.99056834
属于我的那颗星,0.99056834
屋企无田给我耕,0.99056834
屁里带毒崩谁谁无j,0.99056834
诗城桃华,0.99056834
莆田儿,0.99056834
忘记了大树,0.99056834
小呀小杂货,0.99056834
小健君ft,0.99056834
布希布希_,0.99056834
小仙男娶寺-征婚版,0.99056834
孤单听泉猫,0.99056834
孙悟空大战三体人,0.99056834
孙小贝呗_,0.99056834
存档存档,0.99056834
子墨ww,0.99056834
娜塔莉娅kk,0.99056834
姚姚加油努力,0.99056834
妤小念,0.99056834
妙蛙花QAQ,0.99056834
妖爻爻,0.99056834
啊棽棽棽,0.99056834
好运想想我,0.99056834
蜗牛柯基2将军,0.99056834
奶油粥舒舒,0.99056834
奥斯特懦夫撕煤油鸡,0.99056834
失落的毯子,0.99056834
失散多年的亲哥哥,0.99056834
孤狼AIone,0.99056834
alina_呀,0.99056834
孤箫独影终一曲,0.99056834
宠霾。,0.99056834
小九陛下,0.99056834
小CKK不睡觉,0.99056834
将军下命令吧,0.99056834
飞天鱼团团,0.99056834
对汤圆心动一万次,0.99056834
对在心上,0.99056834
寄叭猫喵,0.99056834
宠忆生宠物善终服务,0.99056834
宇宙摇滚Meimei,0.99056834
鹿羊sleeping,0.99056834
实验室小蘑菇,0.99056834
安静x,0.99056834
安雅鑫儿,0.99056834
安琪儿慕雪,0.99056834
守夜champion森晴,0.99056834
守一朝闲,0.99056834
已和西野七濑领证,0.99056834
布莱恩_格瑞芬,0.99056834
失去六枚硬币丷,0.99056834
悲伤蜜蜂eee-,0.99056834
我就爱吃乡村鸡,0.99056834
我家爱豆是美人,0.99056834
我好萌好帅好傲娇,0.99056834
我可是四级号的人了,0.99056834
我似枝枝,0.99056834
我今天真的会早点睡,0.99056834
我也爱你爱你爱你,0.99056834
我七你三_,0.99056834
聪聪大聪明,0.99056834
桔梗兜,0.99056834
懿真ヾ,0.99056834
懒懒的叶子w,0.99056834
愿暑假没有作业君陪,0.99056834
愛德蒙德,0.99056834
想词嗷恬豆包,0.99056834
想好名字前先提出异议,0.99056834
情书骚吕,0.99056834
我心如炽焰,0.99056834
我心祈愿,0.99056834
我是夜天子,0.99056834
我的朋友是咻鹿,0.99056834
我还是美国队长呢,0.99056834
是我最想留住的幸运,0.99056834
影月读书,0.99056834
我肚子好餓阿,0.99056834
我耳朵瞎了诶,0.99056834
我素登登,0.99056834
我睡不着觉了啊,0.99056834
我的小马珍珍,0.99056834
我是大法师呀,0.99056834
我爱学习嗷嗷嗷嗷嗷,0.99056834
我泰萌勒,0.99056834
我比城北徐公美一百倍,0.99056834
我本蓝星一芥子,0.99056834
我是靓仔我不亮,0.99056834
我是李硕珉的狗,0.99056834
我是小一鸭,0.99056834
七分熟荔枝,0.99056834
蝦仁鹹魚飯,0.99056834
希德雅,0.99056834
如花美眷似流年,0.99056834
归烬sama,0.99056834
张爱国o,0.99056834
异教徒阿斯顿,0.99056834
快放我嘴里,0.99056834
开袋即食金针菇,0.99056834
开心的拔萝卜,0.99056834
开学别回评论了,0.99056834
是万秋あ,0.99056834
度洛图,0.99056834
序78,0.99056834
庄主是庄生,0.99056834
仔宅崽,0.99056834
年年又年年RAIN,0.99056834
席小倩,0.99056834
带霜烹紫蟹__,0.99056834
希耶缇,0.99056834
希望张老师健康长寿,0.99056834
形容词只有一字萌,0.99056834
葯物治療醫療系天使,0.99056834
彧天殇,0.99056834
怪化猫的花微酱,0.99056834
悦悦爱学习x,0.99056834
悠仁的小红帽,0.99056834
Atxchs,0.99056834
恸恸和弦,0.99056834
恰螺蛳耶,0.99056834
息壑,0.99056834
恐猪族爱玩溜溜球,0.99056834
念芊墨羽,0.99056834
很喜欢吃甜枣,0.99056834
清风吹上山,0.99056834
快乐的小商同学,0.99056834
忆米,0.99056834
心理委员提醒你,0.99056834
德芙在家,0.99056834
微虫世界,0.99056834
微笑着的司徒猫,0.99056834
失控的季风,0.99056834
幻灵若言心,0.99056834
天润牛乳业,0.99056834
华昭起瑞祥绣锦,0.99056834
卍解-伏魔御厨子,0.99056834
半边阙城,0.99056834
半步平川,0.99056834
午饭好吃233,0.99056834
千月羽,0.99056834
北汐xixi,0.99056834
北方联盟大统领,0.99056834
包烧牛骨髓,0.99056834
勇敢大蜥蜴,0.99056834
加糖的粥粥,0.99056834
刻叶-,0.99056834
别叫我陈大苗,0.99056834
別來有恙,0.99056834
刚刚睡醒什么事0-0,0.99056834
刀疤小猪xi,0.99056834
几个璇大喵,0.99056834
凌千熠,0.99056834
华北の苟子,0.99056834
卓卓lzy,0.99056834
只是想见你啊,0.99056834
单乙烯基原叶绿素酯a,0.99056834
发烧大咸鱼,0.99056834
原铸暗鸦守卫鲁滨逊,0.99056834
天才小小念,0.99056834
我还是支持AC米兰,0.99056834
原子山羊,0.99056834
原卿苏陌,0.99056834
历史看君现在,0.99056834
历史的ip,0.99056834
卧鹞,0.99056834
卡拉卡拉莉莉,0.99056834
五亿个小铃铛------,0.99056834
卡尔西法O_o,0.99056834
卡哦米,0.99056834
卡卡的提菲菲的比,0.99056834
博学的狮子AlRance,0.99056834
南辰淄淮,0.99056834
单白白一,0.99056834
冷棠梨,0.99056834
冰空-海漠,0.99056834
冰oOvOo,0.99056834
冯熙瑜,0.99056834
侍没谱,0.99056834
你鹞鸽,0.99056834
你的话费怎么还没交,0.99056834
你的今日私享,0.99056834
你最好闭嘴哦,0.99056834
你是大西呱吧_,0.99056834
你我所欲也_,0.99056834
你专业的妮塑大师,0.99056834
作息规律的凤梨,0.99056834
余有逆鳞,0.99056834
体面的Mr谢,0.99056834
伤心加油站_,0.99056834
传递者iris,0.99056834
传奇--机长,0.99056834
伏特玾,0.99056834
伊斯埃利尔,0.99056834
仙仙流光,0.99056834
便于携带的花生,0.99056834
保密发货01,0.99056834
信安琪得永生,0.99056834
兔形陶埙,0.99056834
再炫一碗蒸圆子_,0.99056834
内卷摸鱼两手抓,0.99056834
兰斯洛特iiiii,0.99056834
六叶亭,0.99056834
六七北北羊,0.99056834
八云夏白泽,0.99056834
入眼皆河川,0.99056834
兔子爱吃红烧兔头,0.99056834
做梦都被甜醒,0.99056834
兔子小姐拜托了i,0.99056834
兔兔哒哒咪,0.99056834
免疫系统执行中,0.99056834
光在窗台外,0.99056834
BraKet_,0.99056834
偶尔想你-经常偶尔,0.99056834
停止你的点赞行为,0.99056834
古式科普,0.99056834
原野Hong,0.99056834
只是有丶累啦,0.99056834
昔甲依然在,0.99056834
地域黑的霉财运,0.99056834
地冥天迹真爱,0.99056834
在星河欲坠时,0.99056834
寒风相催,0.99056834
在世真龙11,0.99056834
圆圆der汤甜,0.99056834
固执的菠萝,0.99056834
困狗咖啡因,0.99056834
困困魚1122233333,0.99056834
回忆终是过往云烟,0.99056834
回廊一寸雪,0.99056834
四筒-,0.99056834
四圆日记,0.99056834
叫我复读机就好,0.99056834
噜呐_,0.99056834
嘿不要不开心,0.99056834
嘻嘻哈哈的丫丫,0.99056834
地表最强龙仔,0.99056834
堆烟烟,0.99056834
塔米玖玖,0.99056834
大型人形自走咸鱼,0.99056834
天命蓝彩圣体,0.99056834
大蛇薙kof,0.99056834
大蕊蕊怪,0.99056834
大胖小蓝,0.99056834
大橙子xjc,0.99056834
大松鼠小可怜,0.99056834
大大大大哒西瓜,0.99056834
大丈夫干杯,0.99056834
塔门斗士沙毕亚,0.99056834
多情至薄,0.99056834
多加一碗饭昂,0.99056834
夙渊-夙血血,0.99056834
外婆水蒸蛋,0.99056834
声音舟-抵制日货,0.99056834
墨染遍地,0.99056834
墨乘洒,0.99056834
嘻嘻哈哈略略啦啦鹅,0.99056834
噜啦啦呜呼哈嘿,0.99056834
喵酱鸭皮,0.99056834
叶落枕玉竹,0.99056834
吐司小狗斑斑,0.99056834
名字都被用了呢,0.99056834
喵子mz1023,0.99056834
名井南四烧一,0.99056834
同学香如故,0.99056834
吉沢若葉wakaba,0.99056834
吃喝玩乐在广州Canton,0.99056834
叶舷歌,0.99056834
吟风4431,0.99056834
叶疏冰,0.99056834
设置个啥昵称好呢,0.99056834
他-一个普通的人,0.99056834
叶子掉了嘛,0.99056834
Suan柒,0.99056834
可颂收藏家鸢暮,0.99056834
可愛い小斯,0.99056834
向阳卡基米,0.99056834
名字这东西跟我对着干,0.99056834
吾本-丝萝,0.99056834
哄哈木数字逻辑图,0.99056834
喜欢喝甜不喜欢吃甜,0.99056834
喜欢吐槽的神,0.99056834
善良的路人66,0.99056834
啥随风,0.99056834
吾李雾里悟理,0.99056834
哩个哩个哩,0.99056834
哈哈给你们全创死,0.99056834
哇一口兔子,0.99056834
啊-是关中王来了,0.99056834
咪路过于可爱,0.99056834
和平のWORLD,0.99056834
咩咩绵棉花糖,0.99056834
呼哈呼哈22,0.99056834
呆毛慢慢飘,0.99056834
刘熙_,0.9904098
谁取的烂名字,0.98893106
尼罗河边的前辈,0.9871914
POWERFULFEMALE,0.98629326
baddonny,0.3629369
livejamie,0.36261347
dash101,0.3621831
joi1369,0.3609791
lupianwolf,0.36076456
deejaymikeyg,0.3605657
SkippyWagner,0.36041382
SlimeHudson,0.36011547
monk3yboy305,0.36004987
Leadboy,0.35990465
CallMeJase,0.35984415
JustAnotherRedditor1,0.35971636
arup02,0.35970113
Armonster,0.35969943
newpua_bie,0.35967168
NotJordy,0.35964552
MrLadyfingers,0.35963312
ahairycat-astrophe,0.35959628
Lostinwords,0.35954252
Browsing_From_Work,0.35944754
NilCealum,0.3594061
lanismycousin,0.3593905
gizmola,0.35938412
ExtraPlus,0.3593408
PlNG,0.35931915
FUCK_YEAH_DUDE,0.3592923
samdman,0.35924304
Strader69,0.35922432
BreakfastBurrito,0.35920033
jojimboy,0.35913587
Draedgal,0.35912457
Parodoxez,0.35910556
Emmanuell89,0.35907036
BanksKnowsBest,0.35901517
Goochiman,0.3590143
TrevorSarazin,0.35899636
Pabl0Esc0bar,0.35899064
trivialretort,0.35894924
badmood247,0.35892567
Dragonfire138,0.35891202
danyukhin,0.3588946
speezo_mchenry,0.3588889
tapanojum,0.358857
freewibblebon,0.35885197
Atled,0.35885018
thatwaffleskid,0.35880676
A_Water_Fountain,0.3587845
sfs40,0.35876477
Dunskap,0.35874823
celocanth13,0.3587467
fuzzyferret,0.35872415
SSII,0.35872
DarthMurdok,0.3587156
Shizo211,0.35870206
ryan9991,0.3586823
datdaz84,0.35866976
AnnArchist,0.3586683
agentapelsin,0.35863245
Ragozi,0.3586301
aazav,0.35860118
phunkystuff,0.35859808
UnholyDemigod,0.35858893
Man_with_the_Fedora,0.3585811
smurge,0.3585729
Kuonji,0.35856712
Vegerot,0.35856363
newtothelyte,0.3585454
toucher,0.3585382
elephantpoop,0.35853705
rootbeerfetish,0.35853308
Cashrunner,0.3585272
real-dreamer,0.3584991
BadgerGecko,0.35846782
alienth,0.35846218
noseonarug17,0.35845894
fb95dd7063,0.35844395
ThorBreakBeatGod,0.35843912
PyroSpark,0.3584386
NotSoSlenderMan,0.35841978
djonn,0.35839298
cleantoe,0.35838586
Psychic_Monkey,0.3583519
napster2k6,0.3583455
AnalogDan,0.35833442
ImurderREALITY,0.35833192
IRunIntoThings,0.3583304
racutt,0.35832047
Dial-A-Lan,0.35831964
VaccusMonastica,0.35831636
OvidPerl,0.35831484
MonsterIt,0.35830492
AnotherCrazyChick,0.35830337
kris_lace,0.35830325
PunPuncher,0.3583029
Xemeriba,0.35829708
bluetidepro,0.35829082
PerplexD,0.35828823
ChemEBrew,0.35828176
electropulses,0.35826734
emr1028,0.358264
Iamien,0.358261
charles_kafka,0.35826027
dragonsky,0.35824484
PriitySiick,0.35822797
jettj12,0.35822174
TankorSmash,0.35822073
Yanrogue,0.35820872
leoberto,0.35820872
Alec693,0.35820758
Kyraden,0.35820553
GeminiVI,0.35820103
f00d4tehg0dz,0.35819075
kendall12321232,0.35818937
redonculous,0.35818884
CStaplesLewis,0.35817966
klassik891,0.3581695
Skylerguns,0.3581626
cacophonousdrunkard,0.35815895
secaedelcielo,0.35815874
Tzpike05,0.35815653
LG193,0.3581524
steak21,0.35814756
SPAZZEH,0.35813558
abusmakk,0.35813537
pandanomic,0.35812876
fishy007,0.3581123
twitch1982,0.35810426
hornwalker,0.35810268
willo_sea,0.35808942
NeroJoe,0.3580832
Paradox,0.35808182
TwoPlanksPrevail,0.35807446
YHofSuburbia,0.3580686
Splatterh0use,0.35806802
Shilo59,0.3580496
makenzie71,0.35804915
thatoneguy249,0.3580373
meiotta,0.35803708
pkmnBlue,0.35801956
LazarusRises,0.358019
thefaith1029,0.35801667
trafc,0.3580144
esPhys,0.35801414
mattyg5,0.35800815
runningraleigh,0.3579908
DominicDom,0.3579883
rv77ax,0.35798752
sigilvii,0.35798547
Warhawk_1,0.35798025
Etonet,0.35796538
iTrollYhu,0.35796285
warlockami,0.35795903
Fibonacci35813,0.35794818
geobomb,0.35792816
Anheroed,0.35792413
nyarr,0.35791078
pretzelzetzel,0.35790282
AibohPhobiA,0.35788655
jimmahdean,0.35788417
DisregardMyPants,0.35788354
samuraialien,0.35788354
juxtaposer43,0.3578832
iisdmitch,0.35787782
peanutmanak47,0.3578774
MrRykler,0.35787508
TROPiCALRUBi,0.35787454
daprice82,0.35786942
CyruscM,0.35786358
googolplexbyte,0.3578502
GrixM,0.3578458
unusualbob,0.35784143
Searchlights,0.35783917
serenity10,0.3578337
nme_,0.357825
lordnahte42,0.35781506
ThePipes123,0.35780457
jackgopack4,0.35780084
BlindStark,0.3578007
comix_corp,0.35779804
Warlizard,0.3577929
apgbadboy,0.3577919
NunsOnFire,0.35777327
indochris609,0.35776684
live4hisglory,0.35776317
Hax_,0.35774595
SybariticLegerity,0.3577427
staiano,0.35774058
Areat,0.35773835
razzark666,0.35773388
ohnoitsrambo,0.35772356
david-me,0.35772255
Zelotic,0.35771626
Piemonkey,0.35771322
redhatGizmo,0.35771015
TTTNL,0.3577026
athennna,0.35770252
Defrostmode,0.35769787
AtTheLeftThere,0.35769644
brett6781,0.35769483
Grapeboy,0.35769245
bobojojo12,0.35768872
0311,0.35768238
thinkpadius,0.35768214
ruskeeblue,0.35767663
Diasparo,0.35767296
sirkyle,0.35766587
BritishEnglishPolice,0.3576565
ArchChisUm,0.35765505
omni_wisdumb,0.3576531
Mattxy8,0.35765257
Killjoy4eva,0.35764885
BDCanuck,0.3576455
spirit_spine,0.3576393
derkman96,0.35763752
serupento,0.35763723
rakust,0.35763294
Thai_Hammer,0.3576309
bemmu,0.3576285
Orangutan,0.35762793
haluter,0.35762432
bobcat,0.35762048
shaggorama,0.35761788
vernazza,0.35761696
ALLCAPSON,0.35761634
Romulet,0.35760018
orangepill,0.35759804
ShamefulIAm,0.3575923
damontoo,0.35759082
CGRampage,0.35758832
wazzym,0.3575879
RenegadeSpade,0.35758674
rizz360,0.3575836
CantSeeShit,0.3575793
JamesOfTheYear,0.357571
Miroudias,0.35757044
garv323,0.35756946
a_posh_trophy,0.35756648
dudester567,0.35756364
shortguy014,0.35755897
MHoffy,0.3575571
aknutty,0.35755217
scottocs,0.35755077
Hurinfan,0.35754952
C_sharp_minor,0.35754895
Dreckerr,0.35754725
Knuk,0.35754594
cyrilio,0.35754326
Wilhelm_III,0.35753986
SaxSalute,0.3575378
AtomikRadio,0.35753602
xSPYXEx,0.35752925
leafeator,0.3575287
brenan6,0.35752606
JDawg2332,0.35752338
nshaz,0.3575179
Ovedya2011,0.357511
PabstyLoudmouth,0.35750964
woizard,0.35750535
SenorFluffy,0.35749665
malufor,0.35749537
psych00range,0.35748622
ab001atr,0.357486
Philipp,0.35748544
wrigsam,0.35748258
freeogy,0.35747483
Cardsfan1539,0.3574744
DumaDuma,0.3574738
ezaviar,0.3574738
crookedhead,0.35746962
SolidKGB,0.35746408
Andypwns,0.35746065
bleekicker,0.3574577
Pabrunthhu,0.35745236
SOwED,0.3574437
TheMagicLlama,0.3574405
waterandshade,0.35743862
iamjakeparty,0.3574381
KUmitch,0.35743627
jdgrafton,0.35743597
ozone63,0.35742527
RedSeven4,0.35742435
Ax3boy,0.35741866
attosama,0.3574184
milleniummanp7,0.3574146
thunder216,0.35740918
vorin,0.35740837
politicaldan,0.35740754
Sporkinat0r,0.3574023
cybrbeast,0.35739675
Iheartdragonsmore,0.35739616
Twitch89,0.35739365
sjmarotta,0.35739362
nathanmcc1,0.3573891
debrad1207,0.35738415
CheesyChips,0.35738406
echeese,0.35738328
Cutzero,0.3573823
saintdominic,0.35736838
Sidekicknicholas,0.3573676
cookedbread,0.35736105
MSaadJilani,0.3573568
CptCoatrack,0.3573535
Kingelmobap,0.35734776
microtrash,0.3573475
o2daface,0.35734597
smacksaw,0.35734463
plasker6,0.3573423
TheDarkishKnight,0.35734063
Riddla26,0.3573387
RobotKitten,0.35733047
viksra,0.35732943
josh6499,0.35732287
Pareeeee,0.35730022
Fadic4,0.35729957
mackk,0.35729834
DrRodneyMckay,0.3572983
Whoa_Bundy,0.35728937
Keeks_marone,0.3572893
project_twenty5oh1,0.35728553
Onlyhereforthelaughs,0.35728532
andywarno,0.35728094
twitchMAC17,0.35727417
SpaceOdysseus,0.35727116
badillin,0.35727116
fattylewis,0.35727015
weeyummy1,0.35726836
MileHighBarfly,0.35726166
ktool,0.35726103
calantorntain,0.35725915
AmericanDerp,0.35725796
Elesium,0.3572566
BenitoBro,0.3572545
appropriate-username,0.3572532
slayeromen,0.35725176
rolobrowntowntony,0.35725087
kevler9oh,0.3572502
ggskater,0.35724995
Anitor,0.3572492
MaBay,0.35724717
hachi6,0.357247
old_snake,0.3572427
Conash,0.3572384
frozen-creek,0.35723522
AllMightyGuy,0.35722974
CressCrowbits,0.3572273
Jamesev93,0.3572273
orsini1138,0.35722312
Meriis,0.35722265
Jimbobmij,0.35722235
Killhouse,0.35722014
IAmAnAnonymousCoward,0.35721993
Minifig81,0.35721925
Flatline334,0.35721633
lolpancakeslol,0.35721385
Micosilver,0.35721096
virginpresident,0.35720935
ramma314,0.35720628
nosenuggets54,0.35720515
zscuro,0.35720304
TheSimonToUrGarfunkl,0.35720274
PhiladelphiaIrish,0.35719922
mpg1846,0.35719198
Ahanaf,0.3571908
BlameTheHippies,0.35718992
stesch,0.3571877
buck7131,0.35718182
jeffAA,0.35717887
THE_BANANA_PALADIN,0.35717708
iiCUBED,0.35717234
TheCrazedMadman,0.35716188
tmoney34,0.35715896
kites47,0.35714954
Zutart,0.35714918
townshend445,0.35714737
timothy53,0.3571448
mezzizle,0.35714275
lulzcakes,0.35713744
jakerman999,0.35712782
cammyfawkes,0.35712665
InTheBay,0.35712594
Jazzy_Josh,0.3571248
chromer123,0.3571228
DoctorHeadshot,0.35712105
Caesar071,0.3571187
dusters,0.35711825
windoverxx,0.35711825
timsandtoms,0.35711375
brainburger,0.3571137
bcr8tiveYT,0.35711232
MentalToast,0.35710815
series_of_derps,0.35710505
tritter211,0.3571037
mdawgig,0.35710087
St1cks,0.3570969
MrLeekspin,0.35709688
beauseph,0.35709634
HonoraryMancunian,0.35709557
FauxShizzle,0.35709366
MisssBadgerEnt,0.35709232
sexi_squidward,0.35708848
onscreenlol,0.35708633
BeBenNova,0.35708582
Guest101010,0.3570833
r2002,0.35708204
quaxon,0.35708132
shadow8449,0.35707974
cosmicsans,0.35707468
PokerFace247,0.35707217
cloudedsky,0.35706946
vutall,0.35706758
InternetTourGuide,0.35705695
douglasman100,0.35705337
LelahMunster,0.35705242
ArabRedditor,0.35705167
Z4KJ0N3S,0.35705027
iLiekBoxes,0.3570469
jb2386,0.3570436
al3xwuzhere,0.35704193
chronic2001,0.3570415
captainxenu,0.35703796
vpxtreme,0.35703173
GreenDirector,0.35703114
SnakeyesX,0.357031
Max_W_,0.35703084
TangoZippo,0.3570254
HeavensNight,0.35702515
tnick771,0.35702407
Guilty_Spark_117,0.35701424
daniell61,0.35701248
namenottaken94,0.35701147
cjbrigol,0.3570107
Tripudelops,0.35700732
evolvish,0.3570026
t3hcoolness,0.3570011
jshrlzwrld02,0.35700032
SaggyBallsHD,0.35699326
pengo,0.3569924
Alimoose,0.3569895
Cookiemobsta,0.35698646
mishagale,0.35698396
markender,0.3569832
skinkbaa,0.35698116
how_would_kobe_react,0.35697052
bblemonade,0.356969
theonlyalterego,0.35696244
bojank33,0.35695514
INGWR,0.3569547
OHAITHARU,0.35695463
Bortjort,0.35695374
orko1995,0.35695246
gnuworldorder,0.35694757
finaleclipse,0.3569432
Zaino14,0.35693875
chevybow,0.3569383
Stellar_Duck,0.3569371
YourFavoriteHippo,0.35693657
Mitcheypoo,0.3569364
Kylde,0.35693255
Jdban,0.35693175
solateor,0.35693026
Le_Reptile,0.35692665
Aschebescher,0.35692105
Charwinger21,0.3569209
SMUT_ADDICT,0.3569176
Joelsaurus,0.35690987
lettuceman44,0.35690942
SikhGamer,0.35690734
Electri,0.35690448
zombiegirl2010,0.3569043
jrizos,0.35690194
EpicRageGuy,0.35690168
Vinsanity9,0.35690033
PokemasterTT,0.35689962
Perk456,0.356898
heavymetalpancakes,0.35689607
marquis_of_chaos,0.35689336
4alex6,0.35689208
IanRankin,0.35688856
garbageeater,0.3568884
boomheadshot7,0.35688516
Aberu,0.3568851
Expert_on_all_topics,0.35688424
modman2,0.35688257
SpaceAzn_Zen,0.35687968
ReesesForBreakfast,0.35687348
eorld,0.35686585
KingGeb21,0.35686582
RPMiSO,0.35686564
jinnyjuice,0.35686335
Gonza200,0.3568632
firstdibbz,0.35686138
BoredomCalls,0.35686117
tamifromcali,0.35685915
dossier,0.3568534
JoeDaEskimo,0.35684994
jbrake,0.35684833
doodooeyes,0.35684732
Diamano,0.35684413
samx3i,0.35684305
KizzyKid,0.3568421
Ruddiver,0.35684183
RoyallyTenenbaumed,0.35684136
theKalash,0.35683677
i_post_gibberish,0.35683608
Yashoki,0.35683435
b0red,0.35682994
mygrapefruit,0.35682902
Canopus_2,0.35682648
flippinkittin,0.35682607
scolbert08,0.35682526
ReallyForeverAlone,0.35682514
Ryan_Konky,0.35682505
AgeMarkus,0.356824
downhillmojo,0.35682318
strutmcphearson,0.35681987
ReverendVerse,0.35681823
Madous,0.35681647
ujemvi,0.35681638
Aspel,0.3568144
unknown_name,0.35681292
klinquist,0.35680962
KoRnyWayz,0.35680634
bitshoptyler,0.35680535
meeeow,0.3568044
g-dragon,0.35680428
hamburglin,0.35680336
bowhunter6274,0.35680145
frankreddit5,0.3567978
Pickle_Jr,0.35679516
DSice16,0.35679498
spencerawr,0.35679457
Swiss_Cheese9797,0.35679445
TheSpiffySpaceman,0.3567942
keineliebe,0.35679385
woflcopter,0.35679245
happytrees,0.35679233
185139,0.35679194
Simbrian,0.35679135
DarthContinent,0.3567903
lessobvious,0.35678875
VeinyPickle,0.35678792
izmatron,0.3567874
cefarix,0.35678673
cheetahlip,0.35678482
Lostinyourears,0.35678363
ed1380,0.35678262
CyborgDragon,0.35678083
Animedingo,0.3567789
Otters4455,0.3567785
Burgerkrieg,0.3567764
jman077,0.35677344
luxpsycho,0.35677338
evoken1,0.35677287
1pnoe,0.3567701
foxh8er,0.35676733
ZeosPantera,0.3567654
bro_b1_kenobi,0.35676527
wArchi,0.35676387
thetafferboy,0.35676333
SambobmaS,0.35676283
BeefPieSoup,0.35675895
linkazoid,0.35675636
iambecomedeath7,0.3567529
HIVEvali,0.3567508
Coaltrain2371,0.3567488
Valdair,0.35674694
Nethervex,0.35674652
L2attler,0.35674495
sobermonkey,0.35674378
Jamy18,0.35674298
yourcitysucks,0.3567423
Hoyarugby,0.35674152
COOKIEEE,0.35674128
InhailedYeti,0.35673964
sid9102,0.35673758
Rubb3rDucky,0.35673526
avicide,0.35673243
devitodevito,0.35672966
timex40,0.3567296
RobertF23,0.35672888
elmfuzzy,0.3567274
matt01ss,0.3567274
GoldenMoe,0.3567268
Plumerian,0.35672626
Ryan2534,0.3567262
GreggoryBasore,0.3567234
Mr_Philosopher,0.35672006
DivineIntervention88,0.35671955
MFBATZ,0.35671815
DougDante,0.35671696
hexag1,0.35671568
Theropissed,0.35671547
SplodeyDope,0.35671493
Oderdigg,0.3567141
happy_otter,0.35671315
Madonkadonk,0.35671288
bugzrrad,0.3567112
FAderp91,0.35671094
happywaffle,0.3567108
had0ukenn,0.35670963
unforgiven91,0.3567063
Nesyaj0,0.35670462
tehrabbitt,0.35670388
nonex,0.35670233
murdurturtle,0.3567022
cycophuk,0.35670143
CVBrownie,0.35669953
Twenty8k,0.35669515
BeingDS,0.3566947
markevens,0.35669458
omgitsjo,0.35669282
Naly_D,0.35669118
CoolRunner,0.35668957
Executioner1337,0.35668913
Atari1337,0.356688
AuPhoenix,0.3566869
brewzombie,0.35668573
nerfezoriuq,0.35668495
dannylandulf,0.35668427
dudewhatthehellman,0.35668415
PapaPetro,0.35668355
pup2551,0.35668212
General__Specific,0.35668188
Jedi-Mocro,0.35668173
Notmiefault,0.35668135
gryphonlord,0.35667545
TooSmugToFail,0.35667542
Pooh_Bear,0.35667315
Gengar11,0.35667303
dwaxe,0.35667267
nmyi,0.35667184
megustaPRO,0.3566701
jsalazar3,0.35666987
chumprock,0.35666707
xPlatypusVenom,0.35666367
kflipz,0.3566628
Krusiv,0.3566615
Scarytownterminator,0.35665932
Dakar-A,0.3566585
MrGoodGlow,0.3566557
enfdude,0.35664955
t3hwookie90,0.3566481
TheSheepdog,0.35664788
brand0n,0.3566473
brianfizzle,0.3566457
Treviso,0.3566448
Syfilms64,0.35664377
AnotherSmegHead,0.3566436
GoFlight,0.35664263
NotSayingJustSaying,0.35664213
giveitago,0.35664147
Dragonic2020,0.3566414
Xanthon,0.35664132
mikeleus,0.35664028
teryxc,0.35663968
SgtMaj_Obvious,0.35663852
duggtodeath,0.35663727
Raual,0.35663536
JakeBurnsRed,0.356635
rbevans,0.3566341
rothwick,0.35663143
Frashizzle,0.3566295
AloeRP,0.3566272
BipolarBear0,0.35662538
JohnMLTX,0.3566234
AtheistAgnostic,0.35662282
robotshoelaces,0.35662225
Brandonspikes,0.35662204
grapesandmilk,0.3566208
Wolvenfire86,0.3566203
Mylesd13,0.3566149
iSunMonkey,0.3566148
SubzeroMK,0.35661286
Caligineus,0.35661265
bigDean636,0.3566105
Hrodrik,0.35661012
roflbox,0.35660908
ohohb,0.3566077
burgplayer,0.35660747
francis_0000a,0.35660717
scoofy,0.3566061
tazcel,0.35660475
verbify,0.35660434
Literati,0.35660332
jon2kx,0.35660258
Prcrstntr,0.35660255
monotoonz,0.35660127
jack456123,0.3566001
LHoT10820,0.3565994
somedude456,0.35659817
Timmybee,0.3565965
AppleBlossom63,0.35659584
Duke_of_Chutny,0.3565947
lookitsdan,0.3565936
SleepySheepy,0.3565931
FarSide792,0.35659295
Elchidote,0.35659274
andrew650,0.35658824
coolhandluke45,0.3565881
pwnyoudedinface,0.35658568
nyuncat,0.35658404
Acrio,0.35658377
Locusthorde300,0.3565811
HighwireAct,0.3565789
i_is_surf,0.35657862
noroom,0.35657796
yellowtag,0.35657609
ma6ic,0.3565742
touchable,0.35657296
Shanesan,0.35657254
DJ_Spock,0.35657
_HeXagon_,0.3565697
mjbat7,0.3565695
Anangrychip,0.35656828
desi_fubu,0.3565672
phazshifter11,0.3565658
NoseFetish,0.3565637
InsightfulLemon,0.35656214
gammatide,0.35656208
Muter,0.3565618
RDR911,0.35656077
TwisterAce,0.3565592
sn44,0.3565544
VolumeZero,0.35655302
zarmin,0.35655242
cderry,0.3565524
paulfromatlanta,0.35655057
onetruemod,0.35655028
captainstan,0.35654736
starrychloe,0.35654387
tsenaku,0.35654372
spez,0.3565435
captainbawls,0.35654345
andrey_shipilov,0.35654286
scuczu,0.35654283
HINDBRAIN,0.35653993
Rhaps0dy,0.35653913
Glonn,0.35653725
TareXmd,0.3565356
DarthOtter,0.3565353
mago184,0.35653234
acusticthoughts,0.35653165
the_moonface,0.35653117
QWERTY36,0.35652834
ofsinope,0.3565282
Vincent_Karma,0.35652637
Servious,0.35652617
johninbigd,0.35652608
teuast,0.35652593
gnashville,0.3565231
M374llic4,0.35652253
DarkSideofOZ,0.35651767
joetheschmoe4000,0.35651475
mike23pizzo,0.35651058
ragogumi,0.3565088
averad,0.35650578
mellowmonk,0.35650524
nomau,0.35650313
thevideoclown,0.35650244
Smipims,0.35650128
FadedFromWhite,0.35650086
Sommiel,0.35649803
b33k3rz,0.35649747
tyrannosaurus_fred,0.35649735
Sir_George,0.35649732
ReactionDude,0.35649732
deafblindmute,0.35649428
rb7_brady,0.3564941
mybrosteve,0.35649306
mindspread,0.35649
rumster,0.35648805
Smaktat,0.35648796
cbarrett1989,0.35648754
michaelwc,0.3564865
snowgimp,0.356486
JMaboard,0.3564831
jake10house,0.35648158
sidianmsjones,0.35648113
miklaen,0.35648048
martentk,0.35648045
latenightnerd,0.35647938
ion-tom,0.3564785
Tattered,0.3564785
CantankerousMind,0.3564772
Meshiest,0.35647717
coolkid1717,0.35647643
mohiben,0.35647437
ZeMeest,0.35647216
americanpegasus,0.35647175
EugeneMJC,0.35646778
BlackNut,0.35646692
dracoirs,0.35646394
Slippyy,0.3564607
flippityfloppityfloo,0.3564605
KosherNazi,0.35645965
Darrkman,0.35645777
RockyCoon,0.3564559
terrorTrain,0.35645577
tt_frog,0.35645548
kmck96,0.35645235
cowboyhaze,0.35645044
DeviousRetard,0.3564504
jamers89000,0.35644832
ShezUK,0.3564475
rdudejr,0.35644722
chico12307,0.35644597
yashchand,0.35644558
DarkStrobeLight,0.3564438
halogrand,0.35644123
HawkFood,0.356441
tiradium,0.3564388
BusyPedro,0.35643774
Ravage123,0.35643393
likwidtek,0.35643265
trshtehdsh,0.35643014
factor591,0.3564292
sararules2,0.3564283
CoCo26,0.35642663
CountGrasshopper,0.3564245
Kuro_yami,0.356421
shitwhore,0.35641867
dumanyac,0.35641742
jarstult,0.3564173
YourWelcomeOrMine,0.35641673
martiniman,0.35641554
RossD123,0.3564152
rastacola,0.35641512
GODDAMNFOOL,0.35641262
Software_Engineer,0.3564124
LiiDo,0.35641187
saldejums,0.35640904
sdc_sketchez,0.3564084
tyrroi,0.3564079
spoofex,0.35640574
yeahHedid,0.35640556
we1shknigh7,0.35640296
Ultravod,0.3564029
Plowbeast,0.35640183
ArchangelPT,0.35640162
imaybemeesh,0.35639912
brumbrum21,0.35639805
jlew24asu,0.35639763
pavel_lishin,0.35639712
JALsnipe,0.3563965
Myte342,0.3563963
pajam,0.356395
karthus25,0.35639426
armedNINJA,0.35639235
DaItalianFish,0.35639158
Dekanuva,0.35638976
Xeonit,0.35638818
Santa_Claauz,0.3563857
ForScale,0.35638523
niobe127,0.35638463
Kromey,0.3563833
TheFugget,0.35638157
NegimaSonic,0.3563797
Growing4Freedom,0.35637861
Selcouthit,0.35637456
austin_d,0.35637364
rasmus9311,0.35637245
compto35,0.35637155
10GuyIsDrunk,0.35637027
The_Reverend,0.35636863
Kynaeus,0.35636848
ZeroShift,0.356368
mightymdc,0.3563671
abcleanonme,0.35636702
CoolVito,0.35636663
blore40,0.35636625
Pandalism,0.35636538
SuckingDiesel,0.3563627
corey561,0.35636052
Mewoko,0.35635927
Maxrdt,0.35635746
zamwut,0.35635674
SearchNerd,0.3563547
hippiechan,0.35635304
Ilovewhatredditdoes,0.3563516
p0x0rz,0.35635033
Billobatch,0.35634765
finsup,0.3563442
boommmmm,0.3563439
Clint_Swift,0.3563428
ontherok,0.35634094
TheOneTrueCripple,0.35634
FizzCrack,0.35633984
lordlicorice,0.35633966
RzK,0.3563395
Corpsman223,0.35633817
vteckickedin,0.35633796
zigzagzig,0.35633662
Mustaka,0.3563364
mszegedy,0.35633615
caross,0.35633308
Snak_The_Ripper,0.3563313
brownboy13,0.35632998
xanton,0.35632855
carmichael561,0.3563285
PrimaxAUS,0.3563282
kilo73,0.3563281
Wisdom_from_the_Ages,0.3563264
squiggitysquashua,0.35632586
godisanatheist69,0.35632557
cronos844,0.35632512
deadsoldier,0.35632512
Marduk96,0.35632452
1leggeddog,0.3563202
brashet,0.35631245
Kadrik,0.3563123
weaselbeef,0.35630995
Condhor,0.35630956
hearo,0.35630867
TheRealCalypso,0.356308
beernerd,0.35630733
mehatch,0.35630414
alllie,0.35630286
xoxoyoyo,0.3563024
th3thund3r,0.35630193
Lesmothian,0.35629994
Proud_Denzel,0.35629556
JayTbo,0.3562948
dieselgeek,0.35629427
ShaidarHaran2,0.35629398
meatwad75892,0.35629392
Petrarch1603,0.35629234
LegendaryJay,0.35629013
Salsadips,0.35628784
PR3CiSiON,0.35628664
PrincessPi,0.35628572
CodenameCaboose,0.35628545
13_0_0_0_0,0.35628524
varrogath,0.3562852
vivvav,0.35628426
mordocai058,0.35628068
Ketrel,0.3562805
funnyfaceking,0.3562805
speckz,0.35628
frisky_business2,0.35627985
alan2500,0.356278
SCHROEDINGERS_UTERUS,0.35627702
ronconcoca,0.35627657
HITMAN616,0.35627624
NominalCaboose,0.35627514
zalemam,0.3562736
BionicSammich,0.35627264
MadroxKran,0.356271
sandhouse,0.35627097
Xeon06,0.35627016
j0be,0.3562692
Technolog,0.35626766
agnesb,0.3562664
Mybrainmelts,0.3562644
Bank_Gothic,0.35626414
rockeh,0.3562636
Birch_Tree,0.356263
RRuS,0.35625848
elmntguy12,0.3562567
PingPing88,0.35625595
Frankfusion,0.35625485
Mr_A,0.35625422
jermslice,0.35625398
VZW_Matt,0.35625395
Wolven49,0.3562525
Chairboy,0.35625178
David_Crockett,0.35625017
TheSimpleArtist,0.35624978
avboden,0.35624865
WatersofNazareth,0.3562485
TheGreenShepherd,0.3562482
PinkMonkeySlippers,0.35624802
haddock420,0.35624793
MasCapital,0.3562456
makemisteaks,0.3562453
Frankeh,0.35624436
musical_hog,0.3562428
trevdak2,0.3562406
A_Blind_Pilot,0.3562403
TheFifthCan,0.35623774
jonesguy14,0.35623738
solidwhetstone,0.3562372
Trickish,0.3562368
shmup,0.35623667
laaabaseball,0.3562347
abgafi_laffy,0.3562337
tianan,0.35623074
RepostFrom4chan,0.35623014
C_IsForCookie,0.35623014
arghnard,0.3562294
TylerL320,0.35622898
eighthgear,0.35622826
King_of_the_Lemmings,0.35622746
_deffer_,0.356227
brilliantmojo,0.3562259
xCessivePresure,0.35622546
the_dayman,0.3562252
Kakoose,0.3562237
footcreamfin,0.35622323
Wizuhd,0.35622308
BitchesLove,0.35622233
makesureimjewish,0.35622224
jremz,0.3562212
Tdeckard2000,0.35622084
Caseycrowe,0.35622025
EvalJow,0.35621887
DearSergio,0.35621792
Omar_Indeed,0.3562178
TTSDA,0.35621777
Topper2676,0.3562175
mrhappyoz,0.35621688
happycrabeatsthefish,0.3562166
StarHarvest,0.35621557
The_Lolbster,0.3562154
FusionX,0.35621437
moontanned,0.35621426
da1inchpunch,0.3562134
Indy_Pendant,0.35621235
kmccormi,0.35621044
dishie,0.35620946
Zappastuski,0.35620883
MrVonBuren,0.35620835
plazman30,0.35620788
Nicb903,0.35620758
paintedsaint,0.3562065
SimonSays_,0.35620636
spdorsey,0.35620585
DoTheEvolution,0.35620528
Rejexted,0.3562045
xAsianZombie,0.35620114
Aegist,0.35620064
thedeadhipster,0.35620016
AjdinSamurai,0.35619673
Bpbegha,0.35619628
godlesspaladin,0.35619372
SCARfaceRUSH,0.3561926
BB2921,0.35619003
Escobeezy,0.35619
Mictlantecuhtli,0.3561893
whatthefuckguys,0.3561887
deadlyenmity,0.35618865
Stenzy,0.35618764
JakeSteam,0.35618633
fact_hunt,0.35618502
modomario,0.35618487
Caraes_Naur,0.35618424
bleedgreen96,0.356184
Falldog,0.35618165
Seamannator,0.3561815
benjamari214,0.35618088
ikilledyourcat,0.35617986
somethingaboutfire,0.35617927
explodingbarrels,0.35617623
not_again123,0.35617623
dragonboltz,0.35617167
LawrenceLongshot,0.35617137
yomomma56,0.3561711
OrgasmicKoala,0.35616776
dum41,0.35616603
mspk7305,0.35616505
amosko,0.35616353
HorizonShadow,0.35615975
iRuisu,0.35615653
ChemicalOle,0.35615507
wolf2600,0.35615468
waffle569,0.3561514
kosanovskiy,0.3561506
blaizedm,0.3561505
clawz_nd_webz,0.35614884
Agenttable077,0.35614872
B_anon,0.3561482
lilstumpz,0.35614806
GoogaNautGod,0.35614726
122ninjas,0.35614726
cavitycreep,0.35614622
Randyh524,0.3561443
Brutalitarian,0.3561441
Zmodem,0.35614341
Acidyo,0.3561433
jdylopa,0.35614255
killerado,0.35614
openxmind,0.35613957
malakistiri,0.35613763
pedro19,0.35613683
Ninjatertl,0.35613418
Chef_Kevorkian,0.35613397
freetonik,0.3561337
Metaphoricalsimile,0.35613337
Dengar,0.35612965
1ceyou,0.35612795
ArchmageJesus,0.35612556
iamslm22,0.35612544
flaim,0.35612494
Qingy,0.356124
PuroMichoacan,0.35612386
Azor2500,0.35612333
anotherDocObVious,0.35612255
rpm1984,0.3561225
Wailordfan,0.35612231
Spineless_John,0.35612163
Gimme_The_Loot,0.35612112
Grant638,0.35612002
staomeel,0.3561195
SilverAce88,0.35611814
bundleogrundle,0.35611784
IsNotANovelty,0.35611767
loopuleasa,0.3561176
epheterson,0.35611758
FelixR1991,0.35611564
xXSJADOo,0.35611546
IronOxide42,0.3561145
zoot_allures,0.35611427
kosif,0.3561134
fmgugle4,0.35611194
metabeing,0.35611147
dhamster,0.3561101
SaxyTimeReloaded,0.3561094
Sir_Llama,0.35610905
redditlurkernoob776,0.3561074
-RobotDeathSquad-,0.35610673
mrpanafonic,0.3561062
CopEatingDonut,0.35610607
Emperor_NOPEolean,0.35610604
Freshenstein,0.35610592
mynamespaghetti,0.35610402
Proportional_Switch,0.35610393
_emordnilaP,0.3561034
blaspheminCapn,0.3561032
epilis,0.3561023
Zeratas,0.35610083
One_Giant_Nostril,0.35609987
jordypants,0.3560984
LagunaGTO,0.35609797
picardo85,0.3560976
klipse,0.35609713
pinumbernumber,0.3560964
RainieDay,0.3560955
Sirbinkai,0.35609537
FearMeForIAmDan,0.3560927
jettrooper33,0.35609248
obsessive_cook,0.3560911
belandil,0.3560909
bigshmoo,0.35608834
sodypop,0.35608608
Maxscape7,0.35608536
Doomed,0.35608464
doug3465,0.35608461
TheShittyBeatles,0.3560821
makaveli151,0.35608172
brosen87,0.35608095
s-mores,0.356078
sbarias20,0.35607746
demidyad,0.35607478
talzer,0.35607386
thejellydude,0.35607377
Fun1k,0.35607377
amj00,0.3560717
dieyoubastards,0.35606822
themightypierre,0.35606763
emarkd,0.3560662
SpookyAssGhost,0.3560658
fernandoandretn,0.35606548
nexxus-s,0.35606542
Spungey,0.3560627
Liquidkp,0.35606232
Lepertum,0.35606
exophrine,0.3560599
Omnifire,0.35605758
broostenq,0.3560572
gloomios,0.3560561
supersonic3974,0.35605374
Cshock84,0.35605335
synapticimpact,0.35605276
RedSquaree,0.35605273
benfbat,0.35604882
Twice_Knightley,0.35604668
ColonelMolerat,0.35604602
risto1116,0.35604584
allpro1337,0.35604498
AndrewPresnal,0.35604462
professorpan,0.3560437
1tepa1,0.3560437
Pyrao,0.3560429
sje46,0.3560426
Sir_Dr_Dickface_IV,0.3560415
TEmpTom,0.35604125
TheRagingHerp,0.35603732
Naruhodo,0.35603428
dgb75,0.35603344
THLycanthrope,0.35603172
N4N4KI,0.35603032
grouperfish,0.35602963
fapfap_ahh,0.35602903
swiftpants,0.35602885
touyajp,0.35602885
mike413,0.3560275
Spam4119,0.35602587
verygoodyear,0.356025
haakondafo,0.35602427
EliteHunting,0.35602415
Cruxius,0.3560239
Casedilla,0.3560238
yakpimp,0.35602343
Chuckgofer,0.35602307
JOEY2X,0.35602257
Integralds,0.35602248
polysemous_entelechy,0.3560172
t3rneado,0.356017
cottonheadedninnymug,0.35601595
riokou,0.35601363
ggpurehope,0.3560134
Ieuan1996,0.35601336
TheForceiswithus,0.35601157
pigferret,0.35601085
saywhatisobvious,0.35601082
Ytoabn,0.3560091
kukukele,0.3560071
Hesherkiin,0.356006
breticles,0.356003
commentsurfer,0.35600117
Sidewinder77,0.35600042
theruins,0.35600007
jostler57,0.35599998
llnk,0.35599944
ferio252,0.35599932
krazyfreak123,0.3559988
mcjiggerlog,0.35599852
colacadstink,0.35599786
pzycho,0.35599735
brownmagician,0.35599694
baylithe,0.355996
everyother,0.35599577
TombSv,0.3559957
0011110000110011,0.35599366
h0bb3z,0.35599342
harris0n11,0.3559934
PeacePig,0.35599315
jturkish,0.3559906
johnmedgla,0.35598958
labago,0.35598856
brody10123,0.3559877
ABemusedHorse,0.35598692
Ohsin,0.3559868
deuteros,0.3559865
finkton,0.3559864
held818,0.3559852
aerobat97,0.35598278
Sweddy,0.35598224
UniverseAtLarge,0.35598016
inmatarian,0.35597962
Vpolne,0.35597903
Peacockblue11,0.355979
docodine,0.35597682
sirberus,0.35597575
Banko,0.3559735
nayson9,0.35597193
nametheoccupation,0.3559704
hotstickywaffle,0.35597003
TheGreatCthulhu,0.35596818
Arachnatron,0.35596663
paintingunicorn,0.35596564
Aiken_Drumn,0.35596478
DiabolicallyRandom,0.35596478
stylezDWhite,0.35596183
englad,0.3559607
elemenohpee,0.3559604
gatsby365,0.35596025
stealthcreeper,0.35595956
xereeto,0.35595915
Tegyukfel,0.35595903
N8CCRG,0.3559582
BeerIsMyFriend,0.35595527
KOWguy,0.35595188
poops_all_berries,0.35595012
Gfresh404,0.35594943
PenguinCowboy,0.35594845
email_with_gloves_on,0.3559447
lolodotkoli,0.35594463
scudd,0.35594335
Stewie977,0.35594326
agapornis,0.3559419
qqg3,0.35594097
F1A,0.3559402
LowlifePiano,0.35593894
qp0n,0.3559383
iamriot,0.35593686
stixz101,0.35593635
smdaegan,0.35593468
AdamSC1,0.3559345
Airazz,0.35593364
itsclearimhappy,0.35593313
kekembas17,0.35593274
pandawooper,0.35593185
feelbetternow,0.3559317
gigglestick,0.35593027
bknutner,0.3559289
mikejohnno,0.35592598
Doomburrito,0.3559247
technoskittles,0.35592464
Tiberius666,0.3559231
chancegold,0.3559231
algo,0.35592094
KyleKingCDN,0.35592088
jabask,0.35592005
DZ302,0.35591966
dabisnit,0.35591757
daxl70,0.35591745
showstopping,0.35591647
RedManDancing,0.35591584
Jaxkr,0.35591507
PSIStarstormOmega,0.3559147
sageDieu,0.35591406
el_monstruo,0.35591185
mequals1m1w,0.35590988
amadea56,0.3559097
GoldenGonzo,0.3559097
myrpou,0.35590765
Decapod73,0.35590747
hyperbad,0.35590664
R3miel7,0.3559065
byeberlin,0.35590494
LordAnubis10,0.35590467
porh,0.35590425
nonubiq,0.35590413
sprremix,0.3559031
Extraltodeus,0.355901
Falkner09,0.3558997
ItsAFuckingCrocodile,0.3558975
elperu27,0.35589725
Laurentius_the_pyro,0.35589606
aznprd,0.3558959
Dark_Saint,0.35589454
Superego366,0.355894
danielblakes,0.35589254
cullen9,0.35589236
erviniumd,0.35589194
Yawehg,0.3558919
windowbreaker9,0.3558913
murfi,0.35589114
TopHATTwaffle,0.35589027
ZackZak30,0.35588992
bakerie,0.35588923
sage_of_majic,0.35588893
kernowgringo,0.3558885
R3p3rTh3l3n,0.3558859
rdfiii,0.3558856
heres_one_for_ya,0.35588378
unsurebutwilling,0.3558833
bruce656,0.3558831
sulaymanf,0.35588282
vvarden,0.35588196
MythOfLight,0.35587984
webdevbrian,0.35587934
wallawalla22,0.35587865
Dvdrummer360,0.3558777
Sportsfanno1,0.3558775
CasioQuartz,0.35587606
ruff0214,0.35587543
AhhBisto,0.3558743
WyattFlem,0.35587355
MidwestDrummer,0.35587266
nutshells,0.35587224
seaburn,0.35587135
ptgkbgte,0.35587117
EpicCookieMan,0.35587052
krispykrackers,0.35587037
Coriron,0.3558703
doctorsound,0.35587025
libertao,0.35587
JustAnAvgJoe,0.35586885
dlogan3344,0.35586756
Sidetracking,0.3558669
Aduckonquack97,0.35586676
MrFantasticGDB,0.35586527
You_coward,0.35586485
Operatics,0.3558642
Edibleface,0.35586402
armyn1,0.35586393
LewisKiniski,0.35586092
darkpwnage,0.35586065
laristocrate,0.35586053
SlyyyTendencies,0.35585925
gonzoblair,0.3558586
TheSuperSax,0.35585788
SevFTW,0.35585678
Picklwarrior,0.3558564
Miketheguy,0.35585588
Cern_Stormrunner,0.35585448
StrawberrieDream,0.35585412
momentum77,0.35585395
hirashirou,0.3558528
Dropbear81,0.35585243
macaroni_veteran,0.35585204
Vorchun,0.3558506
Dr_Oops,0.35584936
mrdude817,0.35584876
aidanf123,0.35584724
taliriktug,0.3558463
KevlarYarmulke,0.35584548
djspacebunny,0.35584503
DFGdanger,0.35584462
sygede,0.35584345
lud1120,0.3558432
AndySocks,0.35584292
kulrajwashere,0.35584268
Ashanmaril,0.3558424
WoopAhhh,0.3558418
typtyphus,0.3558414
Urschleim_in_Silicon,0.35584113
colkurtz7,0.35584113
kylelee,0.3558405
GlenThen,0.35583743
jordan3434,0.3558374
NahSoR,0.35583687
boringzebra,0.35583666
netpastor,0.35583556
110110,0.35583535
FredWampy,0.3558349
carny666,0.35583434
LeetModule,0.35583335
Purecheetodust,0.35583314
scharfca,0.35583216
AlexBeeInBim,0.35582966
jmf145,0.35582614
idma,0.3558254
Kwasbeb,0.3558251
dafootballer,0.35582393
steelpan,0.35582095
lejefferson,0.3558206
TheBioself,0.3558205
GFandango,0.35582027
Bacon_Man123,0.35581863
Cyc68,0.35581484
Alexanderr,0.3558144
IronA1dan,0.35581073
EvanC313,0.35581055
quinn_drummer,0.35581014
doctor_rocketship,0.35580984
Simcom,0.35580975
chrisgelb,0.35580945
Makinporing,0.35580915
Abeneezer,0.35580838
He11razor,0.3558072
JustCallMeJoker,0.3558068
fozzarz,0.35580653
The_Other_Other,0.35580313
nomemory,0.35580128
ProjectDusk,0.35579956
nasdaf,0.35579863
Anofles,0.3557979
SIThereAndThere,0.35579747
sp4ce,0.35579666
NonstandardDeviation,0.35579428
Bonya,0.35579365
xebo,0.35579327
eyethinkikn0wu,0.35579196
mph1204,0.3557916
callmenighthawk,0.3557905
pryme,0.35578912
greenleaf187,0.35578898
lttljimmy,0.35578734
a11city,0.3557872
socalnonsage,0.35578704
Teckel22,0.3557866
Carnae_Assada,0.3557862
BaconZombie,0.3557859
mach-2,0.3557858
CobaltSmith,0.3557836
xarkonnen,0.3557831
jlopez24,0.35578117
ancientworldnow,0.35577846
647,0.355778
atthegreenbed,0.35577795
potato1,0.35577738
Reddhedd13,0.35577708
FellKnight,0.35577697
drucey,0.3557754
CP70,0.35577488
SonicWafflez,0.35577402
jehe,0.35577258
elessarjd,0.355772
HeyItsJay,0.355772
mage_g4,0.35577095
kimboslice11,0.35576904
Procrasturbator11235,0.3557686
CSRain,0.355768
catch22milo,0.35576665
haikuginger,0.35576662
jguacmann1,0.3557657
Kalfira,0.35576445
Ipskies,0.35576183
FuriousLamb3,0.35576063
femaiden,0.35575998
veribaka,0.3557595
BoonTobias,0.35575902
thenotoriousbtb,0.3557589
woodyallin,0.3557582
bastiVS,0.35575658
FishBonePendant,0.3557561
JonLuca,0.35575467
Patrick_the_Saint,0.35575327
CleanBill,0.35575318
inquirewue,0.35575318
taughtmonk,0.35575232
Remdawg,0.35575095
BillOneyPaige,0.3557495
kuttanpilla,0.35574892
Clockwork757,0.35574847
Llim,0.35574552
something224,0.35574478
lemonfreedom,0.3557441
Sarke1,0.35574377
greath,0.3557428
soupyhands,0.35574028
lastoftheyagahe,0.355738
DrossGnostic,0.355738
mgrier123,0.35573718
Justintime233,0.35573706
_Woodrow_,0.35573572
hseldon10,0.35573515
burnsz11,0.35573485
rdelamora1,0.35573438
Spamsational,0.35573423
berrics94,0.35573423
Russbear,0.35573378
radonchong,0.35573334
Trojanbp,0.3557319
scamperly,0.35573104
xtrasneakygastro,0.3557307
dude_from_pdx,0.35572994
Roflmoo,0.35572872
Kongo204,0.35572746
TyPiper93,0.35572737
SSChicken,0.35572723
paranoidbillionaire,0.35572627
gangrenous_ghoul,0.35572487
don_majik_juan,0.3557224
Shagga__son_of_Dolf,0.3557214
drunkentune,0.35572073
Thunder_Thighs,0.35572046
TheMorningDeuce,0.35571882
jordanbeff,0.35571873
SamuraiJakkass86,0.3557179
BravoTeam127,0.35571602
tnethacker,0.3557152
asperatology,0.3557152
Tox77,0.35571444
neocow,0.35571414
thethiefstheme,0.3557128
Crazysaxycool,0.35571247
JustZisGuy,0.35571238
Albuyeh,0.35571122
SoundManCO,0.35571066
survum,0.35570976
daniellemx,0.35570925
foamed,0.35570925
MikeOfThePalace,0.35570887
XiKiilzziX,0.35570866
Jmgill12,0.35570845
Codidly5,0.35570812
Soccer21x,0.35570505
iambookus,0.35570502
sobeach,0.35570344
RufusMcCoot,0.35570344
GallifreyanRavenclaw,0.35570303
aMANescape,0.35570297
newton54645,0.35570213
Yupitsnuge,0.35570154
bahaki,0.35570127
B-Jamz,0.35570046
WholeWideWorld,0.3556995
wisyf,0.35569942
Bad_Zoo_Boy,0.35569865
ThraShErDDoS,0.35569832
HooptyDooDooMeister,0.35569823
noodlesfordaddy,0.35569468
kriswone,0.3556943
absentmindedjwc,0.35569298
gentlemandinosaur,0.35569242
craig3010,0.3556921
ralph122030,0.35569134
dicaxe,0.35569063
rmill3r,0.35568848
username5550123,0.35568824
sovietsrule,0.35568643
cooncave,0.35568628
Toliver182,0.355684
tizorres,0.35568276
Danster21,0.35568145
fiveandcounting,0.3556811
badbrutus,0.3556796
r3dh3rring,0.35567817
MrDanger,0.35567805
stanleythemanley44,0.3556773
ThatSodomite,0.35567638
sacredserenity,0.35567594
HasNoClue,0.35567507
anticommon,0.35567454
ProfessorMcHugeBalls,0.35567433
stock_character,0.35567412
jay456,0.35567248
Samamaniac,0.35567176
ToBadForU,0.35566953
Lancaster1983,0.35566953
FriesWithThat,0.35566926
MrDubious,0.3556666
vanillathunder12,0.35566455
XavierMendel,0.35566455
rougetoxicity,0.3556614
SecularScience,0.35566032
FullSizedForks,0.3556603
sapiophile,0.35565957
MichaelJahrling,0.35565937
FenrirIII,0.35565555
indrora,0.35565555
done8989,0.35565254
jambox888,0.35564986
WhatTheFDR,0.35564923
shniken,0.355648
killerwin,0.35564795
TickleTh1sElmo,0.35564733
thegillenator,0.35564697
iamnotfacetious,0.35564616
strallweat,0.35564607
k0mbaticus,0.35564607
itmightbeaseizure,0.35564515
jyapman,0.35564393
woooooahnellie,0.35564268
FortuitousAdroit,0.35564065
Moncole,0.35564062
PeterPorky,0.35563856
ChickenPotPi,0.35563788
Modestjake,0.3556377
scarface910,0.3556377
InternetLoveMachine,0.35563666
ButSheLooked18,0.3556342
sectorfour,0.35563403
j1002s,0.3556323
ProbeIke,0.35562992
BiggityBates,0.35562983
likeBruceSpringsteen,0.35562876
partisparti,0.35562804
Zarqu0n,0.35562798
mwada1,0.35562608
DaedalusMinion,0.3556251
cr5315,0.35562307
JeffMcBiscuit,0.35562247
huckstah,0.35562244
Mattho,0.3556182
Womec,0.35561666
Pizza_The_Hutt,0.35561553
mowing,0.35561538
Iloldalot,0.3556148
IAmNotJoshua,0.3556117
redwormcharlie,0.35561103
MagicSandwich27,0.35561085
kevvvn,0.35560986
Dear_Occupant,0.35560793
Asassin4TW,0.35560787
JakeSteele,0.35560548
MathGrunt,0.35560527
zonination,0.3556029
dukishlygreat,0.35560277
RockasaurusRex,0.35560217
TacticalSandwich,0.3555954
farquezy,0.35559416
kepleronlyknows,0.35559383
gijyun,0.35559365
DomStud,0.35559326
kn0thing,0.3555928
scartol,0.35559002
summerofevidence,0.3555881
Brendancs0,0.35558736
critcal_kurt,0.35558578
dcwj,0.3555855
no1name,0.3555855
mandal0re,0.3555821
sabotourAssociate,0.35557967
ddesla2,0.35557887
The_Messiah,0.35557666
DubTeeDub,0.35557586
MrFlagg,0.35557565
geoffyou,0.35557458
trumpet_23,0.355573
Nondo,0.3555728
tresser,0.35557124
TheWaterTemple,0.35557124
88rarely,0.3555712
gt14199,0.35556975
alaskanloops,0.3555696
jokes_on_you,0.35556847
Oiiack,0.35556835
IronOhki,0.35556796
mapryan,0.35556698
Maple_D,0.3555661
el_drum,0.3555652
ChingShih,0.355565
dbcspace,0.35556495
nomofica,0.35556355
seriouschiz,0.35556346
TheNateMonster,0.35556275
Bioluminesce,0.35556194
EmceCocks,0.35556173
Occupier_9000,0.35556114
weggles,0.3555611
gologologolo,0.3555607
TheCl0ne,0.3555607
zosobaggins,0.35555902
fuzzy_dunnlop,0.35555902
British_Monkey,0.35555872
HeezyB,0.35555845
mobuco,0.3555584
potatosss,0.35555667
rustyarrowhead,0.35555637
pokemaster_winter,0.35555622
leonprimrose,0.35555348
Poptorts,0.35555288
zubie_wanders,0.35555232
Sightful,0.35555124
scribbling_des,0.35555097
Asmor,0.35555056
LowSociety,0.35554922
Reminemaril,0.35554823
polezo,0.35554746
canipaybycheck,0.355547
callmecatalyst,0.35554647
Likes_Information,0.35554615
bbouerfgae,0.35554463
Brak15,0.3555432
Cordicuss,0.35554308
Retawekaj,0.3555429
Illuminatesfolly,0.35554114
patriotaxe,0.35553646
misnamed,0.35553482
RedPaintedHouses,0.35553455
Slayner,0.355534
Sariel007,0.3555337
MegaHz,0.3555325
Haz3rd,0.35553166
Hotwir3,0.35553086
Rawtashk,0.3555303
flipzmode,0.35552806
LeanBean17,0.35552442
SethBling,0.3555237
jam3zz,0.3555237
YNot1989,0.35552338
TheMellowestyellow,0.3555231
drock4vu,0.3555225
monopixel,0.35552245
bumblingmumbling,0.35552242
Acenus,0.35552078
Tynictansol,0.35552016
Retro21,0.35551763
TransPM,0.35551727
greiger,0.35551724
jwatkins29,0.3555168
allgameplaya,0.3555156
jwchen,0.3555134
LoyalTillTheEnd,0.35550797
GamerKingFaiz,0.35550606
Genesis09,0.3555049
kidzior,0.3555046
danwin,0.35550433
Noreaga,0.35550362
WinterCharm,0.35550338
Andy_Glass,0.355503
Arve,0.3555026
FrailRain,0.35550097
NoahsArcade84,0.35550085
Juffin,0.35550007
Travv,0.3554982
Linksawake,0.35549662
Vergil25,0.3554963
hero0fwar,0.35549515
Myrandall,0.35549477
6stars,0.35549456
zillah1985,0.35549408
Jaksongitr,0.3554938
footballfan123,0.3554932
vinspiration,0.355493
MJsdanglebaby,0.35549253
sk3pt1c,0.35549185
lomoeffect,0.35549182
typical_thatguy,0.35549164
skibble,0.3554905
atheist_verd,0.35548985
SirSchilly,0.35548854
shmadorable,0.3554881
Chompski1213,0.3554878
Artrw,0.3554875
MarkBC,0.35548586
julian88888888,0.35548553
Cerberus73,0.35548487
Clarketk,0.3554847
nittick,0.3554843
nexxai,0.3554829
Ownsin,0.35548252
ImminentFate,0.35548237
price0416,0.35548073
thermal_shock,0.35548058
RedditINator70,0.35547972
Toriankel,0.3554797
physicscat,0.35547897
Valtieri,0.35547885
zigzag32,0.35547796
mrkees,0.3554765
menes40,0.35547602
Lucavious,0.35547507
kasutori_Jack,0.35547474
ChaosMotor,0.35547447
UnhiDEER,0.3554735
aryary,0.3554733
Spartancarver,0.35547316
aJarofDirt,0.35547307
Deathbybunnies,0.35547262
brigodon,0.35547176
Galaxyhiker42,0.35547107
Terox15,0.3554709
renome,0.35546914
AmiroZ,0.3554675
gangstabunniez,0.35546654
VoRicebowl,0.35546634
Rainieri,0.3554656
xenmate,0.3554652
enad58,0.35546425
ImNotAnAlien,0.35546252
iLiketrains131,0.3554615
Faneste123,0.35546
ManWithoutModem,0.3554598
ReplyYouDidntExpect,0.35545978
highintensitycanada,0.3554561
TheCakeDayLie,0.3554558
johnbarnshack,0.35545516
sfitsea,0.35545334
PortixArsenal,0.35545272
muellzy,0.355452
DanjerBob,0.3554502
I_LOVE_SHEEP,0.35545018
Perma,0.3554498
eternallylearning,0.35544914
47L45,0.3554448
Gaston44,0.35544434
TooDrunkToTalk,0.35544303
Lumpzor,0.35544294
supercheetah,0.35544243
AFDIT,0.35544214
ravenpride,0.35544214
Ohh_Yeah,0.35544097
ripster55,0.3554401
Zephine,0.35543966
trauma_kmart,0.35543966
SebbenandSebben,0.3554381
uJellie,0.35543808
Ederek_Cole,0.3554366
soapinmouth,0.35543546
nomcow,0.35543537
Yokuo,0.35543516
cpt_bluebear,0.35543364
bleachmartini,0.35543305
taario,0.3554327
Imanari,0.3554316
skarface6,0.35543057
stonesfcr,0.35542914
gerusz,0.35542896
GuidoZ,0.35542876
pecet,0.35542747
jupiter0,0.35542706
promonk,0.35542667
Ochobobo,0.35542652
loganemar,0.35542616
astappaerts,0.35542488
fishsandwich,0.35542375
manikfox,0.35542262
spooget3,0.35542014
sterling_mallory,0.35542005
dontbthatguy,0.35541934
saadakhtar,0.355419
gthing,0.35541826
VictoriousPR,0.3554162
backpackwayne,0.35541564
BlorfMonger,0.35541543
Cryptic-Panther,0.35541463
Their_Police,0.3554137
Killgraft,0.35541362
wakeupsheep,0.35541093
PantsHasPockets,0.35541037
ispoiler,0.35541025
xlarukux,0.35540992
themarknessmonster,0.3554055
blisstonia,0.35540304
bperki8,0.35540152
voyetra8,0.35540092
ebilgenius,0.35540092
SolKool,0.35539994
CGWLP,0.35539982
ameliamirerye,0.35539714
sprawld,0.35539675
i_pee_in_the_sink,0.35539627
Matti_Matti_Matti,0.35539547
CyrisXD,0.35539466
throwaway555789,0.35539293
yhelothere,0.35539263
gueriLLaPunK,0.35539025
TypicalHaikuResponse,0.35538983
UseWhatName,0.35538894
420TreeHugger,0.35538802
RhapsodyQ,0.35538772
auriumius,0.35538694
Hawk_Blue,0.35538664
shzadh,0.35538644
acman319,0.3553858
CrowKaneII,0.35538495
heresybob,0.35538495
hadhad69,0.35538468
illeatyourheart,0.3553801
CoolGuySean,0.35537896
loopscadoop,0.35537887
Halaku,0.35537848
purpleolive,0.3553783
GEN_CORNPONE,0.35537687
CHollman82,0.35537666
rriz7,0.35537606
rock217,0.35537475
resonatingfury,0.35537386
JaseAndrews,0.3553734
karhall,0.35537258
Bert306,0.35537177
MarioneTTe-Doll,0.35536933
Khatastrophe,0.35536915
speedyleedy,0.3553675
Geckos,0.35536578
Ottetal,0.35536492
Ancel3,0.35536432
pyrowolf8,0.35536313
Brownt0wn_,0.35536283
not_a_Dr,0.35536006
ImNotJesus,0.3553589
CaptainGrandpa,0.35535875
turbie,0.35535818
Qusqus73,0.35535768
hoowahoo,0.3553576
BIAATTCH,0.3553564
sivadneb,0.35535595
dave32891,0.35535577
sleepynow,0.35535526
SadDragon00,0.35535505
Sampo,0.35535458
troublesomeness,0.35535148
CARDTRICKSTER,0.35534993
etm124,0.35534978
lozdogz,0.35534963
mylifeisanocean,0.35534832
shanoxilt,0.3553482
Aktve,0.35534775
7UPvote,0.35534763
GrandmasterSexay,0.35534626
15amathis,0.35534555
TWI2T3D,0.35534513
kookoo831,0.35534424
ivegotagoldenticket,0.3553433
Pressedlee,0.35534263
Langly-,0.35534227
ksaj,0.3553419
spacelemon,0.35534188
craftadvisory,0.3553416
nomanoid,0.35533908
juror-number-8,0.35533893
slumslum,0.3553372
bonkeyfonkey,0.3553357
MrMango786,0.3553341
Scorch8482,0.3553335
srubt242,0.35533234
Biggrodd,0.35533103
roger_,0.35532898
Orangemilk,0.35532856
slothzen,0.35532796
Thunder-ten-tronckh,0.35532743
mi1kman_dave,0.3553267
bunka77,0.35532644
CZbwoi,0.35532644
treebog,0.35532442
Danarky,0.35532415
shadyabhi,0.355324
tomasziam,0.3553234
Waddupp,0.35532162
dumnezero,0.35532147
moby323,0.35532
dmk2008,0.35531902
coreyf,0.35531875
ddxxdd,0.35531807
noeatnosleep,0.35531798
Tenstone,0.3553171
Tauna,0.35531682
DeanOnFire,0.35530975
grandfatherbrooks,0.3553093
DodiGharib,0.35530916
Phritz777,0.35530856
Crux315,0.35530847
DuncanDonutz,0.35530615
lethalweapon100,0.35530537
moldyxorange,0.35530496
THeShinyHObbiest,0.35530305
HurricaneFan13,0.35530293
needmoney90,0.35530087
WideLight,0.3553007
RubyRod,0.35530028
Devchonachko,0.3552992
hazysummersky,0.35529807
Chewie316,0.35529745
TitanicMan,0.3552961
tha_dood,0.35529378
empw,0.35529348
brodesto,0.35529104
Tuco_bell,0.35529032
KeruxDikaios,0.3552891
charlemang,0.35528895
SkeptiCalhippoh,0.35528865
essidus,0.3552884
mw3haha,0.3552866
dan_blather,0.3552855
downtothegwound,0.35528517
CityWithoutMen,0.3552847
DangerousDetlef,0.35528442
Finnishalzheimerskid,0.35528374
brocccoli,0.35528368
PinkPajamaPenguin,0.35528213
expiredcheese,0.35528207
Pezking343,0.35528168
JangSaverem,0.3552812
studcase,0.35528117
e7ric,0.3552789
adwarakanath,0.355277
abig7nakedx,0.35527653
numandina,0.3552764
J-DawgDBZ,0.35527605
Mxrgan,0.3552757
silentstorm2008,0.3552751
skeeto,0.35527405
Lupinefiasco,0.35527375
RhettS,0.35527363
Anadyne,0.3552724
infernal_llamas,0.35527128
FuzzBuket,0.35526872
Capatown,0.35526827
DashFerLev,0.35526597
BrazilianRider,0.35526365
EunByuL,0.35526314
Kavec,0.35526276
Kuklachev,0.3552619
qervem,0.3552616
PenName,0.3552608
theskabus,0.35526052
ItWillBeMine,0.35525775
hoodedbob,0.35525587
poobicus,0.35525545
thenicky0,0.35525513
parles,0.35525325
ShaolinShade,0.35525241
Goldd,0.35524926
TylerDurdenJunior,0.355249
HDATZ,0.3552487
ikarios,0.35524863
05senses,0.35524634
CUB4N,0.3552439
eatcrayons,0.35524285
troglozyte,0.35524106
kpingvin,0.35524064
synopser,0.35524058
metrogdor22,0.35524005
TheEmbernova,0.3552399
theghostofme,0.35523933
ridik_ulass,0.3552387
MoarBaconStrips,0.35523838
tripled153,0.35523823
edwartica,0.3552381
mintberrycrunk,0.3552381
prematurepost,0.355237
dashdanw,0.35523665
BroccoBaba,0.35523492
x420Y0L0SWAG666,0.35523292
Papa-Lazarou,0.35523215
Sanwi,0.35523018
TheBird47,0.35522914
fuzzyblackyeti,0.35522726
RamsesThePigeon,0.35522696
texacer,0.35522506
sakasama_bridge,0.35522282
travkram,0.35522074
scottg96,0.35521832
food_bag,0.35521722
ejchristian86,0.35521716
Doxep,0.35521653
IlCattivo91,0.35521612
Mx-yz-pt-lk,0.35521582
CrypticFalcon,0.35521516
IByrdl,0.35521457
cfschris,0.35521272
stapleherdick,0.35521263
margaryna,0.35521233
xavierfox42,0.3552122
GreyMatter22,0.35521215
Tarkaan,0.3552113
LerithXanatos,0.35520905
knobiknows,0.35520574
_Synth_,0.355205
Milhouse_is_a_meme,0.35520446
SubtleMockery,0.35520345
Sabenya,0.35520324
bittercupojoe,0.35520306
mcbordes,0.35520124
aboothemonkey,0.3552011
Patrick5555,0.3552009
7D4Y_WEEKENDS,0.35519934
orangeslash,0.35519814
IamtheOceanAMA,0.35519767
TheBlazingPhoenix,0.35519367
vviikkrraanntt,0.35518903
swanpenguin,0.3551884
Master_mind_,0.35518524
nikiverse,0.355183
ITEM_NINE_EXISTS,0.35518256
I922sParkCir,0.3551819
nps,0.35518172
jeffiethepirate,0.3551806
Heelincal,0.35517737
Justicles13,0.35517687
Big_Theta,0.35517615
ToThisDay,0.35517552
curbstickle,0.35517424
CarlLady,0.35517275
EditingAndLayout,0.3551723
949paintball,0.35517004
decode1101,0.3551696
Bergolies,0.35516942
colinodell,0.35516924
ne0lithic,0.35516852
BioGenx2b,0.35516766
fallingtopieces,0.3551674
dave_g17,0.3551656
007T,0.35516527
PiggyWidit,0.35516506
Googunk,0.35516486
imnotlegolas,0.355164
stormageddon103,0.35516378
nomsecretly,0.35516325
georedd,0.35516268
spekter299,0.35515976
fluffyponyza,0.3551594
coastermonger,0.35515872
thesepigswillplay,0.35515857
Grimsonite,0.3551585
Shaleensinha88,0.3551572
weeeaaa,0.35515654
harry20larry,0.3551562
ephphatha,0.3551557
NotYourMothersDildo,0.35515553
garmachi,0.35515407
Pwnacus_Maximus,0.35515383
HadManySons,0.355153
p337,0.3551527
Codyyblake1,0.35515156
wondertwins,0.35515025
yeebok,0.3551499
MonksWithSticks,0.35514933
dropstop,0.35514933
dan3659,0.35514858
empyreanmax,0.3551482
cptcliche,0.35514802
ginja_ninja,0.3551461
Protuhj,0.35514456
BelmontZiimon,0.35514447
TheDuskDragon,0.35514328
Spezzle,0.35514292
JustTVsFredSavage,0.3551427
Taedirk,0.35513952
9000sins,0.35513657
DarthWeezie,0.35513616
Spastic_colon,0.35513455
billgarmsarmy,0.355134
KillEmAll83,0.355134
l3un1t,0.35512912
doluto,0.3551277
sorcon,0.35512677
notamustache,0.35512522
HanktheDog,0.35512337
otakuman,0.35512182
oliverhart,0.35511902
ildabears,0.35511872
Eat_Bacon_nomnomnom,0.3551187
senorjohhny,0.35511205
ecnepsnai,0.35511142
DrSnaipa,0.35511115
admiraljohn,0.35510874
Ginganinja888,0.3551067
joka86,0.3551067
Sagerian,0.3551063
JonnyBrah,0.35510612
KerrickLong,0.35510492
lancerevo98,0.35510433
magicmurph,0.35510397
needuhLee,0.35510352
reddit_like_its_hot,0.3550993
401vs401,0.35509852
GeauxHouston22,0.35509852
mpavlofsky,0.35509852
The_Bhuda_Palm,0.35509783
AtomicDog1471,0.35509613
bananinhao,0.35509586
thegodsarepleased,0.35509533
iia,0.3550935
polydorr,0.35509193
davaca,0.35509005
santaschesthairs,0.35508966
Beave1,0.35508937
vetcmb,0.35508883
tmotom,0.35508823
SimplisticX2,0.35508558
BrosEquis,0.35508558
Steel_Ninja,0.35508296
Devistator,0.3550811
brandonisgreen,0.35507965
YouArentReasonable,0.35507834
garychencool,0.35507813
paulthepenguin,0.35507637
0rigin,0.35507634
Salanderson,0.3550761
cespes,0.3550749
m0pi1,0.35507262
Dudwithacake,0.3550723
QuoteOfTheHour,0.3550721
LaugeGregers,0.35507172
Master-Thief,0.35506868
dafunkmasta,0.35506824
TestZero,0.35506815
Justmomsnewfriend,0.35506755
scattyckot,0.35506734
lloganwebb,0.35506698
apatt,0.35506424
MKorostoff,0.35506377
mr_pleco,0.35506326
Kingtorm,0.35506198
deeperkyo,0.35506046
PeteDarwin,0.35506004
LFryo,0.35505927
sumiriously,0.35505906
grey_sky,0.35505825
maynardftw,0.3550571
CLSmith15,0.35505673
arsenale,0.35505438
timotab,0.35504737
financialbabe,0.3550439
HyphyBonez,0.355043
Unboxermail,0.35504168
sgamer,0.35504165
canard_glasgow,0.35504156
CptTremendous,0.35503823
crocomut,0.3550377
Reed18,0.35503742
Kaer,0.35503626
ANAL_PLUNDERING,0.35503623
ZachPaj,0.35503614
SaltyChristian,0.35503265
trmaps,0.35503143
intortus,0.35503137
Blackglade,0.35502908
rahrness,0.3550286
Jobeanie123,0.35502788
cheezus_lives,0.3550278
Lion10,0.3550265
hax2damax,0.35502547
Native411,0.35502526
RAGErER,0.35502377
jurble,0.35502368
caustictoast,0.35502312
Mates_with_Bears,0.3550231
Always_Leaves_You_Ha,0.35502252
ProfessorCaptain,0.35502216
t0lk,0.35502216
LoneWolfComando,0.3550216
Lygar,0.35502067
big_tuna2,0.3550206
kcell,0.35502028
cubedG,0.3550199
FakeChowNumNum1,0.35501835
RotatorX,0.35501736
jonez450,0.35501537
RndmHero,0.35501534
Chastain86,0.3550137
DuckDragon,0.35501367
Kolumbz,0.35501367
sircmpwn,0.3550122
bge,0.3550111
tehreal,0.35500875
jvacek996,0.35500845
summatclever,0.35500696
IAMA_SWEET,0.3550064
Pots_And_Pans,0.35500637
watchesyousleep,0.35500592
Atomicbob11,0.35500562
Inane_Asylum,0.3550049
jessarojas,0.35500404
pencer,0.35500243
TomMorrow2,0.35500145
jiblet84,0.35500124
Sam1r,0.35500082
IAMHab,0.35499948
Grays42,0.3549979
CyanogenHacker,0.35499632
Platinum1211,0.3549932
XxMiKeNjD17xX,0.3549923
Lokipokie504,0.35499135
Innova,0.35499114
mrlr,0.35499057
Sasquatch99,0.35498986
BrianTheLady,0.3549897
happyFelix,0.35498968
that1guywithredhair,0.3549882
HaydenTheFox,0.35498813
smartalec98,0.3549853
pocodot,0.3549852
mattXIX,0.35498428
IncidentOn57thStreet,0.35498396
rycokamoore,0.35498387
LKS,0.35498238
ajsadler,0.35497707
badblueboy146,0.35497668
Amandrai,0.3549732
Seikoholic,0.3549717
GodOfAtheism,0.35497168
GenghisKhanX,0.35497138
Ihearcolor,0.35497093
Fuzzymuzzy,0.35497013
SimonPlusOliver,0.35496995
TopScruffy,0.3549698
LawBobLoblaw,0.35496718
pikadrew,0.35496646
yellownumberfive,0.3549657
mi-16evil,0.35496432
JoshuaLyman,0.35496423
Uber_Nick,0.3549632
acidroach420,0.3549612
Sgtstudmufin,0.35495752
SeriouslyLaughing,0.3549573
JBHUTT09,0.3549557
MessiahX,0.35495475
ASiCat,0.35495263
RalphiesBoogers,0.35495248
Boredom_rage,0.35495093
hipnosister,0.35495025
fawker,0.3549499
megustcizer,0.35494956
kindofstephen,0.35494754
phillyfanjd,0.35494694
unclesam_0001,0.35494414
hannahjoy33,0.35493872
hestonkent,0.35493773
itsrattlesnake,0.35493198
slapFIVE,0.35493094
TheSwedeIrishman,0.35493082
tuckertucker,0.35492936
Fergals1107,0.3549285
Mogwoggle,0.35492724
RevWaldo,0.35492605
djweswalz,0.3549246
MootBear,0.35492224
rickthecabbie,0.35492098
Rickolas,0.35491985
SetYourGoals,0.35491827
Natural_RX,0.35491824
kleopatra6tilde9,0.35491812
wistan,0.35491708
NeonFights,0.35491657
ustbro,0.35491616
Phydeaux,0.35491568
Autopilot_Psychonaut,0.35491386
OVdose,0.35491166
listn2moremetal,0.35491034
NMeiden,0.35490888
jaxspider,0.35490862
CanadianWhovian,0.3549076
SQ_Minion,0.35490534
Sutekhy,0.35490465
datenwolf,0.3549045
NeverOC,0.35490438
OldPeopleHateMe,0.3549043
drumcowski,0.354904
exatorp,0.35490394
Izick,0.35490292
stormclaw11,0.35490283
Grimmbles,0.35490277
odigo2020,0.3549004
ahampster,0.35489973
whicketywack,0.35489964
antonia90,0.35489863
acteon29,0.35489845
StutMoleFeet,0.35489792
8bitmorals,0.35489583
Kattzalos,0.35489398
Tater_Nuts,0.3548929
GoodLeftUndone,0.35489222
TheFullMonty1394,0.3548889
aaoun,0.35488796
Sabvegas,0.3548878
Timisaghost,0.35488734
MadScientist14159,0.35488692
HyperspaceHero,0.35488462
bastocrat,0.35488367
nmpraveen,0.35488346
grimskrotum,0.35487747
davetbison,0.35487717
TCBloo,0.35487708
jweebo,0.35487258
Reavus,0.3548724
grantmoore3d,0.35487124
feedthecollapse,0.35486633
scythesabre,0.3548621
rocketman0739,0.3548613
spatchcock,0.354861
cusoman,0.35486087
bobofatt,0.35486072
facedefacer,0.35485974
RSismylife,0.35485956
cometparty,0.35485923
markywater,0.3548591
Jadis4742,0.3548574
pekayer10,0.35485658
burnner_,0.35485607
PotatoMusicBinge,0.35485518
wjfox2009,0.35484973
brazilliandanny,0.35484847
skepticaljesus,0.35484627
El_Pinguino,0.35484582
cbfw86,0.3548446
MercurialMadnessMan,0.3548418
Fishooked,0.35484174
mehdbc,0.35484102
swampsparrow,0.35483992
leet_hacksaw,0.3548384
ThePantsThief,0.35483703
not-a-cylon,0.3548362
marmz111,0.35483482
SW4506,0.35483214
toomanynamesaretook,0.35482836
aliaschicnine,0.35482836
dzamir,0.3548282
Clit_Commander,0.3548278
battierpeeler,0.3548274
HappyManatee,0.35482574
Extract,0.35482487
adrenaline786,0.35482147
earthDF,0.35482112
GiveMeBackMySon,0.35482094
rohirs,0.3548195
atticus138,0.35481858
LittleTillyFooFoo,0.35481775
RandomName01,0.35481498
KilgoreTroutQQ,0.35481498
Darth_InvadeHer,0.35481378
B33sting,0.35481274
namsilat,0.3548122
broccolibush42,0.35480994
Zirenth,0.35480857
Muscles_McGeee,0.354807
jpsquill,0.35480523
l33tSpeak,0.3548047
Wagosh,0.3548009
Xenophon1,0.35479507
luag,0.3547946
nathanl1192,0.35479417
eternal_wait,0.35479134
Gehalgod,0.35479063
Clark-Kent,0.3547896
rage-quit,0.35478956
MNGaming,0.35478857
madsohm,0.3547858
ymmajjet,0.35478285
deathril,0.35478112
RedHerringxx,0.35477874
LyleLanley99,0.3547782
AwkwardDev,0.35477728
Skrillex4ever,0.35477674
anexanhume,0.35477552
OPKatten,0.35477334
itsallgoodie,0.35477334
amorpheus,0.3547732
Eraser1024,0.3547726
marky6045,0.35477164
averagemonkey,0.35477075
Cup_O_Coffey,0.35476866
strangelycutlemon,0.3547682
odinist,0.35476506
db82,0.35476366
iaman00b,0.3547624
TehEmperorOfLulz,0.35476032
just-jake,0.3547582
Thefriendlyfaceplant,0.35475585
nickbob18,0.35475534
provoko,0.35475084
WoozleWuzzle,0.3547478
Coenn,0.35474366
Random_Fandom,0.35474357
VulcanRyu07,0.35474297
ablebodiedmango,0.35474277
AmunRa666,0.35474265
TheAmazingSkoof,0.35474172
vaselinepete,0.35473898
BlackBrown123,0.35473794
ryan3243,0.35473722
867stevo,0.35473695
yannisv,0.35473648
sutr90,0.35473353
danth,0.35473332
Portgas,0.35473302
Nekrogoblikon,0.3547327
richardveevers,0.3547292
JoshAndArielle,0.354729
xtirpation,0.35472742
AnotherClosetAtheist,0.35472718
bobbaphet,0.35472146
randoh12,0.35472107
I_did_not_rape_her,0.35471854
blacjack,0.35471335
AbbyMoriah,0.3547125
Live4FruitsBasket,0.35470912
OstriNarwhalForce,0.35470724
Cohtoh,0.35470638
guelahpapyrus,0.35470593
foehammer111,0.35470304
Bersonic,0.35470253
Dathadorne,0.35470027
GoblinTechies,0.3546957
loudtyper,0.3546906
reidhasguitar,0.3546904
Throwaway_4_opinions,0.35469028
suntzu345,0.3546892
thebrownkid,0.35468715
kmad,0.3546866
Commander_Ninja,0.3546863
awood785,0.3546829
bazzaretta,0.3546815
Rhythmic,0.35467553
Emayarkay,0.35467306
RackballJoe,0.35467255
FrenchieSmalls,0.35467115
Reddit-Hivemind,0.35466957
Rlight,0.3546641
piepei,0.35466376
MrCobaltBlue,0.35466102
rspix000,0.35466075
NotaMethAddict,0.35466042
Adium,0.35466015
CaptainRandus,0.35465866
someredditorguy,0.35465312
LeSpatula,0.35465285
ubomw,0.35465235
patrik667,0.35465088
IamBOXBOY,0.3546501
CharlieBear26,0.35464758
hexprocess,0.35464698
Vindexus,0.35464394
no_turn_unstoned,0.3546433
sourcreamjunkie,0.3546402
mamba_79,0.35463673
BashfulArtichoke,0.35463396
kyuronite,0.35463336
CHEEZYSPAM,0.35461888
NotARandomNumber,0.35461783
spankr,0.35461736
OccupyMyBallSack,0.35461628
shellbullet17,0.35461345
NeverrSummer,0.35460854
travcurtis,0.3546084
PdoesnotequalNP,0.35460442
jimmithy,0.35460404
Usht,0.3545969
GeniusIComeAnon,0.3545941
BkkGrl,0.35459232
nomalas,0.35459095
DocJawbone,0.354587
DickRhino,0.35458627
dagbrown,0.3545844
gzcl,0.3545841
theCarryAll,0.35458207
Nomlin,0.3545808
bigsol81,0.3545798
freshmozz,0.3545796
Novasry,0.35457787
Evadregand,0.35457355
PolarBurs,0.35456225
yti555,0.35455883
alexkoeh,0.35455737
Zeulodin,0.3545511
RoverDaddy,0.3545508
pianobadger,0.35454774
SmokehTheBear,0.35454336
whipnil,0.35454082
Cadoc,0.35453874
EdgarAlanPwnd,0.35453674
jbrooks21,0.35453308
MisterGone5,0.35453168
Schnapplegangers,0.35453087
lovetape,0.35452697
SSJwiggy,0.35451967
henry10937,0.3545167
Mixed-Signals,0.35451576
caligula213,0.35451323
Markus_Antonius,0.35451305
The_Doctor_00,0.35451
metaranha,0.35450894
pseudolobster,0.3545079
filo4000,0.354506
creesch,0.3544977
ipiranga,0.35449073
Swede_Babe,0.35448205
nodnodwinkwink,0.35448122
preggit,0.35447446
zeug666,0.35447434
vaginitischlamydia,0.35447237
cessna182er,0.35445622
promek,0.35445428
headasplodes,0.35445338
D3cker,0.35445198
jonnyd005,0.3544519
ch00f,0.35443965
skyline_kid,0.354438
lordcarnage,0.35443553
sergeyuf,0.3544306
peterabbit456,0.35442916
Unicornholio,0.35441136
Dr_Sandvich,0.354403
Bennyhick,0.35440257
JHoward777,0.35439536
spoone,0.35439485
theoneringnet,0.35438693
SamMee514,0.35438633
orthros,0.35436967
eskimopie26,0.35436514
yousaidicould,0.35436442
TheRiseOfMaths,0.3543641
playa_mar_cielo,0.35436213
Skanh,0.35436147
namer98,0.35435328
syuk,0.35434762
exitstrateG,0.3543407
antifolkhero,0.35433942
inaaace,0.35433936
Semen-Thrower,0.3543343
julesasner-dt,0.35433295
Slashered,0.3543315
StickleyMan,0.3543292
jdbee,0.35431045
willreavis,0.35430726
jetsparrow,0.3542975
dudelsac,0.35428327
VonAether,0.35427913
matrixifyme,0.35427213
expert_at_SCIENCE,0.35426193
InternetNinjacy,0.35425383
d1dOnly,0.35424638
longhairedfreakyppl,0.35420954
veron101,0.35419652
azizinator25,0.35419545
kulaboy94,0.35419112
kleinergruenerkaktus,0.35409376
Pravusmentis,0.35388625
